{
  "type": "FeatureCollection",
  "generator": "overpass-turbo",
  "copyright": "The data included in this document is from www.openstreetmap.org. The data is made available under ODbL.",
  "timestamp": "2026-04-14T22:07:44Z",
  "features": [
    {
      "type": "Feature",
      "properties": {
        "@id": "relation/9283501",
        "building": "university",
        "name": "Sugar Road Annex",
        "short_name": "ESRAX",
        "type": "multipolygon"
      },
      "geometry": {
        "type": "Polygon",
        "coordinates": [
          [
            [
              -98.1783717,
              26.3068823
            ],
            [
              -98.1784261,
              26.3065589
            ],
            [
              -98.1780812,
              26.3065123
            ],
            [
              -98.1780268,
              26.3068356
            ],
            [
              -98.1783717,
              26.3068823
            ]
          ],
          [
            [
              -98.1782518,
              26.3067645
            ],
            [
              -98.1781573,
              26.3067512
            ],
            [
              -98.1781725,
              26.3066651
            ],
            [
              -98.178266,
              26.3066788
            ],
            [
              -98.1782518,
              26.3067645
            ]
          ]
        ]
      },
      "id": "relation/9283501"
    },
    {
      "type": "Feature",
      "properties": {
        "@id": "relation/9960882",
        "addr:city": "Edinburg",
        "addr:housenumber": "509",
        "addr:postcode": "78541",
        "addr:state": "TX",
        "addr:street": "North Sugar Road",
        "building": "dormitory",
        "name": "Unity Hall",
        "short_name": "EUNTY",
        "smoking": "no",
        "type": "multipolygon"
      },
      "geometry": {
        "type": "MultiPolygon",
        "coordinates": [
          [
            [
              [
                -98.1787608,
                26.3078315
              ],
              [
                -98.1787954,
                26.3076457
              ],
              [
                -98.178726,
                26.3076353
              ],
              [
                -98.1787291,
                26.3076186
              ],
              [
                -98.1786494,
                26.3075165
              ],
              [
                -98.1786281,
                26.3075136
              ],
              [
                -98.178639,
                26.3074506
              ],
              [
                -98.1785992,
                26.3074451
              ],
              [
                -98.1786001,
                26.3074397
              ],
              [
                -98.1785049,
                26.3074261
              ],
              [
                -98.1785041,
                26.3074304
              ],
              [
                -98.1782453,
                26.3073924
              ],
              [
                -98.1782431,
                26.3074044
              ],
              [
                -98.1779642,
                26.3073629
              ],
              [
                -98.1779457,
                26.3074631
              ],
              [
                -98.1779784,
                26.307468
              ],
              [
                -98.1779678,
                26.3075254
              ],
              [
                -98.1782289,
                26.3075643
              ],
              [
                -98.1782312,
                26.3075516
              ],
              [
                -98.1786283,
                26.307611
              ],
              [
                -98.1785965,
                26.307782
              ],
              [
                -98.1786751,
                26.3077938
              ],
              [
                -98.1786705,
                26.307818
              ],
              [
                -98.1787608,
                26.3078315
              ]
            ]
          ],
          [
            [
              [
                -98.1781662,
                26.3079282
              ],
              [
                -98.1781604,
                26.3076483
              ],
              [
                -98.1779864,
                26.3076504
              ],
              [
                -98.1779893,
                26.3077545
              ],
              [
                -98.1779665,
                26.3077508
              ],
              [
                -98.177956,
                26.3078173
              ],
              [
                -98.1779916,
                26.3078241
              ],
              [
                -98.1779952,
                26.3079293
              ],
              [
                -98.1781662,
                26.3079282
              ]
            ]
          ],
          [
            [
              [
                -98.1784915,
                26.3082986
              ],
              [
                -98.1785032,
                26.3082355
              ],
              [
                -98.1785277,
                26.3082392
              ],
              [
                -98.1786345,
                26.3081701
              ],
              [
                -98.1786385,
                26.3081475
              ],
              [
                -98.1787024,
                26.3081567
              ],
              [
                -98.1787359,
                26.3079686
              ],
              [
                -98.1786419,
                26.3079552
              ],
              [
                -98.1786375,
                26.30798
              ],
              [
                -98.1785679,
                26.30797
              ],
              [
                -98.178537,
                26.3081423
              ],
              [
                -98.1781401,
                26.3080852
              ],
              [
                -98.1781429,
                26.3080699
              ],
              [
                -98.1778736,
                26.3080307
              ],
              [
                -98.1778621,
                26.3080942
              ],
              [
                -98.1778358,
                26.3080903
              ],
              [
                -98.1778178,
                26.308189
              ],
              [
                -98.1781067,
                26.3082315
              ],
              [
                -98.1781044,
                26.308244
              ],
              [
                -98.1783614,
                26.308282
              ],
              [
                -98.1783603,
                26.3082883
              ],
              [
                -98.1784471,
                26.3083012
              ],
              [
                -98.1784488,
                26.3082922
              ],
              [
                -98.1784915,
                26.3082986
              ]
            ]
          ],
          [
            [
              [
                -98.1787363,
                26.308256
              ],
              [
                -98.17867,
                26.3081726
              ],
              [
                -98.1785555,
                26.3082458
              ],
              [
                -98.1786218,
                26.3083292
              ],
              [
                -98.1787363,
                26.308256
              ]
            ]
          ]
        ]
      },
      "id": "relation/9960882"
    },
    {
      "type": "Feature",
      "properties": {
        "@id": "relation/14990810",
        "building": "university",
        "name": "Health & Physical Education Complex Fieldhouse",
        "short_name": "EHPE1",
        "type": "multipolygon"
      },
      "geometry": {
        "type": "Polygon",
        "coordinates": [
          [
            [
              -98.170799,
              26.3070011
            ],
            [
              -98.1707813,
              26.3066702
            ],
            [
              -98.1705148,
              26.3066816
            ],
            [
              -98.170512,
              26.3066295
            ],
            [
              -98.1705374,
              26.3066284
            ],
            [
              -98.1705364,
              26.3066086
            ],
            [
              -98.170535,
              26.3065826
            ],
            [
              -98.1705096,
              26.3065837
            ],
            [
              -98.1705077,
              26.3065485
            ],
            [
              -98.1706276,
              26.3065433
            ],
            [
              -98.1706154,
              26.3063144
            ],
            [
              -98.1703678,
              26.3063251
            ],
            [
              -98.1703656,
              26.3062834
            ],
            [
              -98.1701983,
              26.3062906
            ],
            [
              -98.1702005,
              26.3063323
            ],
            [
              -98.1700561,
              26.3063385
            ],
            [
              -98.1700539,
              26.3062968
            ],
            [
              -98.1699241,
              26.3063024
            ],
            [
              -98.1699286,
              26.3063866
            ],
            [
              -98.1700069,
              26.3063832
            ],
            [
              -98.1700085,
              26.3064123
            ],
            [
              -98.1699831,
              26.3064134
            ],
            [
              -98.1699845,
              26.3064403
            ],
            [
              -98.1699856,
              26.3064599
            ],
            [
              -98.170011,
              26.3064588
            ],
            [
              -98.1700135,
              26.3065058
            ],
            [
              -98.1696063,
              26.3065233
            ],
            [
              -98.1696349,
              26.3070579
            ],
            [
              -98.1700498,
              26.3070401
            ],
            [
              -98.1700493,
              26.3070322
            ],
            [
              -98.170056,
              26.3070319
            ],
            [
              -98.1700568,
              26.307048
            ],
            [
              -98.1700728,
              26.3070473
            ],
            [
              -98.1700883,
              26.3070466
            ],
            [
              -98.1700875,
              26.3070306
            ],
            [
              -98.1700967,
              26.3070302
            ],
            [
              -98.1701052,
              26.3071877
            ],
            [
              -98.170198,
              26.3071837
            ],
            [
              -98.1701975,
              26.3071744
            ],
            [
              -98.1703964,
              26.3071659
            ],
            [
              -98.1703969,
              26.3071752
            ],
            [
              -98.1704494,
              26.3071729
            ],
            [
              -98.1704465,
              26.3071192
            ],
            [
              -98.1704863,
              26.3071175
            ],
            [
              -98.1704807,
              26.3070137
            ],
            [
              -98.1704899,
              26.3070133
            ],
            [
              -98.1704906,
              26.3070256
            ],
            [
              -98.1705216,
              26.3070243
            ],
            [
              -98.1705209,
              26.3070119
            ],
            [
              -98.1705325,
              26.3070114
            ],
            [
              -98.1705325,
              26.3070126
            ],
            [
              -98.170799,
              26.3070011
            ]
          ],
          [
            [
              -98.1704646,
              26.3067845
            ],
            [
              -98.1700942,
              26.3068014
            ],
            [
              -98.1700938,
              26.3067932
            ],
            [
              -98.1700851,
              26.3067936
            ],
            [
              -98.170066,
              26.3064575
            ],
            [
              -98.1700747,
              26.3064571
            ],
            [
              -98.1700743,
              26.3064499
            ],
            [
              -98.1701558,
              26.3064461
            ],
            [
              -98.1701592,
              26.3065065
            ],
            [
              -98.1703665,
              26.306497
            ],
            [
              -98.170363,
              26.3064367
            ],
            [
              -98.1704447,
              26.3064329
            ],
            [
              -98.1704451,
              26.3064402
            ],
            [
              -98.1704541,
              26.3064398
            ],
            [
              -98.1704732,
              26.3067759
            ],
            [
              -98.1704642,
              26.3067763
            ],
            [
              -98.1704646,
              26.3067845
            ]
          ]
        ]
      },
      "id": "relation/14990810"
    },
    {
      "type": "Feature",
      "properties": {
        "@id": "relation/15022052",
        "building": "university",
        "name": "Education Complex",
        "short_name": "EEDUC",
        "type": "multipolygon"
      },
      "geometry": {
        "type": "Polygon",
        "coordinates": [
          [
            [
              -98.1723365,
              26.3080091
            ],
            [
              -98.1723455,
              26.3080065
            ],
            [
              -98.1723519,
              26.3080002
            ],
            [
              -98.1723539,
              26.3079919
            ],
            [
              -98.172351,
              26.3079838
            ],
            [
              -98.172344,
              26.3079781
            ],
            [
              -98.1723347,
              26.3079763
            ],
            [
              -98.1723142,
              26.3079772
            ],
            [
              -98.1723109,
              26.307917
            ],
            [
              -98.1724991,
              26.3079087
            ],
            [
              -98.1724974,
              26.3078774
            ],
            [
              -98.1725049,
              26.3078771
            ],
            [
              -98.1725396,
              26.3078756
            ],
            [
              -98.1725502,
              26.3078711
            ],
            [
              -98.1725541,
              26.3078613
            ],
            [
              -98.1725491,
              26.3078518
            ],
            [
              -98.1725381,
              26.3078482
            ],
            [
              -98.1724959,
              26.3078501
            ],
            [
              -98.1724941,
              26.3078184
            ],
            [
              -98.1720318,
              26.3078389
            ],
            [
              -98.1720335,
              26.3078696
            ],
            [
              -98.1719416,
              26.3078736
            ],
            [
              -98.171941,
              26.307862
            ],
            [
              -98.171937,
              26.3077905
            ],
            [
              -98.1719826,
              26.3077886
            ],
            [
              -98.1719917,
              26.307786
            ],
            [
              -98.171998,
              26.3077797
            ],
            [
              -98.172,
              26.3077713
            ],
            [
              -98.1719971,
              26.3077633
            ],
            [
              -98.1719901,
              26.3077575
            ],
            [
              -98.1719809,
              26.3077557
            ],
            [
              -98.1719352,
              26.3077577
            ],
            [
              -98.1719335,
              26.3077274
            ],
            [
              -98.1719328,
              26.3077145
            ],
            [
              -98.1720174,
              26.3077108
            ],
            [
              -98.1720153,
              26.3076727
            ],
            [
              -98.1719892,
              26.3076738
            ],
            [
              -98.1719874,
              26.3076404
            ],
            [
              -98.1720135,
              26.3076393
            ],
            [
              -98.1720115,
              26.3076016
            ],
            [
              -98.1719726,
              26.3076033
            ],
            [
              -98.1719268,
              26.3076053
            ],
            [
              -98.1719223,
              26.3075236
            ],
            [
              -98.1719682,
              26.3075216
            ],
            [
              -98.1719772,
              26.307519
            ],
            [
              -98.1719836,
              26.3075127
            ],
            [
              -98.1719856,
              26.3075044
            ],
            [
              -98.1719827,
              26.3074963
            ],
            [
              -98.1719757,
              26.3074906
            ],
            [
              -98.1719664,
              26.3074888
            ],
            [
              -98.1719205,
              26.3074908
            ],
            [
              -98.1719199,
              26.3074805
            ],
            [
              -98.171918,
              26.3074464
            ],
            [
              -98.1718986,
              26.3074473
            ],
            [
              -98.171876,
              26.3074483
            ],
            [
              -98.1718751,
              26.3074326
            ],
            [
              -98.171857,
              26.3074334
            ],
            [
              -98.1718546,
              26.3073891
            ],
            [
              -98.1718092,
              26.3073912
            ],
            [
              -98.1718085,
              26.3073789
            ],
            [
              -98.1717958,
              26.3073698
            ],
            [
              -98.1717807,
              26.3073705
            ],
            [
              -98.1717719,
              26.3073805
            ],
            [
              -98.1717726,
              26.3073928
            ],
            [
              -98.1717277,
              26.3073948
            ],
            [
              -98.1717301,
              26.3074391
            ],
            [
              -98.1717093,
              26.30744
            ],
            [
              -98.1717122,
              26.3074931
            ],
            [
              -98.1717331,
              26.3074922
            ],
            [
              -98.1717373,
              26.3075691
            ],
            [
              -98.1716807,
              26.3075716
            ],
            [
              -98.1716744,
              26.307459
            ],
            [
              -98.1714429,
              26.3074693
            ],
            [
              -98.171452,
              26.3076333
            ],
            [
              -98.1714321,
              26.3076342
            ],
            [
              -98.1713893,
              26.3076361
            ],
            [
              -98.1713914,
              26.3076742
            ],
            [
              -98.171394,
              26.3077216
            ],
            [
              -98.1714261,
              26.3077202
            ],
            [
              -98.1714277,
              26.3077487
            ],
            [
              -98.1712135,
              26.3077583
            ],
            [
              -98.1712382,
              26.3082039
            ],
            [
              -98.1715769,
              26.3081888
            ],
            [
              -98.1715781,
              26.3082108
            ],
            [
              -98.1714617,
              26.3082159
            ],
            [
              -98.171466,
              26.3082926
            ],
            [
              -98.1714518,
              26.3082932
            ],
            [
              -98.1714568,
              26.308382
            ],
            [
              -98.1715558,
              26.3083776
            ],
            [
              -98.1715582,
              26.3084213
            ],
            [
              -98.1715584,
              26.3084259
            ],
            [
              -98.171587,
              26.3084246
            ],
            [
              -98.1716349,
              26.3084225
            ],
            [
              -98.1716331,
              26.3083895
            ],
            [
              -98.1717246,
              26.3083855
            ],
            [
              -98.1717197,
              26.3082983
            ],
            [
              -98.1717011,
              26.3082991
            ],
            [
              -98.1716968,
              26.3082204
            ],
            [
              -98.1716027,
              26.3082245
            ],
            [
              -98.1716007,
              26.3081877
            ],
            [
              -98.1716723,
              26.3081846
            ],
            [
              -98.1716596,
              26.3079559
            ],
            [
              -98.1717457,
              26.307952
            ],
            [
              -98.1717436,
              26.3079144
            ],
            [
              -98.1717564,
              26.3079139
            ],
            [
              -98.1717632,
              26.3080371
            ],
            [
              -98.1717424,
              26.308038
            ],
            [
              -98.1717453,
              26.3080911
            ],
            [
              -98.1717661,
              26.3080901
            ],
            [
              -98.1717685,
              26.3081332
            ],
            [
              -98.1718134,
              26.3081313
            ],
            [
              -98.1718141,
              26.3081435
            ],
            [
              -98.171826,
              26.3081527
            ],
            [
              -98.1718417,
              26.308152
            ],
            [
              -98.1718507,
              26.308142
            ],
            [
              -98.17185,
              26.3081296
            ],
            [
              -98.1718954,
              26.3081276
            ],
            [
              -98.171893,
              26.3080845
            ],
            [
              -98.1719111,
              26.3080837
            ],
            [
              -98.1719102,
              26.3080669
            ],
            [
              -98.171931,
              26.308066
            ],
            [
              -98.1719522,
              26.308065
            ],
            [
              -98.1719498,
              26.3080215
            ],
            [
              -98.1719951,
              26.3080195
            ],
            [
              -98.1720041,
              26.3080169
            ],
            [
              -98.1720105,
              26.3080106
            ],
            [
              -98.1720125,
              26.3080023
            ],
            [
              -98.1720096,
              26.3079942
            ],
            [
              -98.1720026,
              26.3079885
            ],
            [
              -98.1719933,
              26.3079867
            ],
            [
              -98.171948,
              26.3079887
            ],
            [
              -98.1719429,
              26.3078969
            ],
            [
              -98.1720346,
              26.3078929
            ],
            [
              -98.1720367,
              26.3079292
            ],
            [
              -98.1722257,
              26.3079208
            ],
            [
              -98.1722283,
              26.3079684
            ],
            [
              -98.1722225,
              26.3079687
            ],
            [
              -98.1722256,
              26.3080262
            ],
            [
              -98.1722285,
              26.3080343
            ],
            [
              -98.1722355,
              26.30804
            ],
            [
              -98.1722448,
              26.3080418
            ],
            [
              -98.1722538,
              26.3080392
            ],
            [
              -98.1722602,
              26.3080329
            ],
            [
              -98.1722622,
              26.3080246
            ],
            [
              -98.172261,
              26.3080034
            ],
            [
              -98.1722739,
              26.3080029
            ],
            [
              -98.1722867,
              26.3080023
            ],
            [
              -98.1722872,
              26.3080112
            ],
            [
              -98.1723365,
              26.3080091
            ]
          ],
          [
            [
              -98.1717139,
              26.307928
            ],
            [
              -98.1716533,
              26.3079307
            ],
            [
              -98.1714689,
              26.3079389
            ],
            [
              -98.1714601,
              26.3077794
            ],
            [
              -98.1715542,
              26.3077753
            ],
            [
              -98.1715494,
              26.3076897
            ],
            [
              -98.1715179,
              26.3076911
            ],
            [
              -98.1715164,
              26.3076626
            ],
            [
              -98.1717419,
              26.3076526
            ],
            [
              -98.1717504,
              26.3078052
            ],
            [
              -98.1717367,
              26.3078058
            ],
            [
              -98.1717266,
              26.3078162
            ],
            [
              -98.1717273,
              26.3078293
            ],
            [
              -98.1717385,
              26.3078386
            ],
            [
              -98.1717522,
              26.307838
            ],
            [
              -98.1717525,
              26.3078435
            ],
            [
              -98.1717388,
              26.3078441
            ],
            [
              -98.1717287,
              26.3078543
            ],
            [
              -98.1717294,
              26.3078675
            ],
            [
              -98.1717406,
              26.3078769
            ],
            [
              -98.1717543,
              26.3078763
            ],
            [
              -98.1717547,
              26.3078841
            ],
            [
              -98.1717116,
              26.3078861
            ],
            [
              -98.1717139,
              26.307928
            ]
          ]
        ]
      },
      "id": "relation/15022052"
    },
    {
      "type": "Feature",
      "properties": {
        "@id": "relation/15022053",
        "building": "university",
        "name": "Science",
        "short_name": "ESCNE",
        "type": "multipolygon"
      },
      "geometry": {
        "type": "Polygon",
        "coordinates": [
          [
            [
              -98.1712174,
              26.3062884
            ],
            [
              -98.1712034,
              26.3062987
            ],
            [
              -98.1711913,
              26.3063103
            ],
            [
              -98.1711809,
              26.3063232
            ],
            [
              -98.1711722,
              26.3063374
            ],
            [
              -98.1711169,
              26.3062965
            ],
            [
              -98.1711225,
              26.3063935
            ],
            [
              -98.171097,
              26.3063947
            ],
            [
              -98.1711285,
              26.3069346
            ],
            [
              -98.1712176,
              26.3069305
            ],
            [
              -98.171217,
              26.3069197
            ],
            [
              -98.17124,
              26.3069186
            ],
            [
              -98.1712438,
              26.3069292
            ],
            [
              -98.1712543,
              26.3069378
            ],
            [
              -98.1712633,
              26.3069396
            ],
            [
              -98.1712699,
              26.3070537
            ],
            [
              -98.1713364,
              26.3070506
            ],
            [
              -98.1713421,
              26.3071475
            ],
            [
              -98.1718918,
              26.3071218
            ],
            [
              -98.1718843,
              26.306992
            ],
            [
              -98.171927,
              26.306996
            ],
            [
              -98.1719696,
              26.307
            ],
            [
              -98.1719558,
              26.3071188
            ],
            [
              -98.1722735,
              26.3071039
            ],
            [
              -98.1722637,
              26.3069369
            ],
            [
              -98.1723865,
              26.3069311
            ],
            [
              -98.1723435,
              26.306192
            ],
            [
              -98.1719899,
              26.3062085
            ],
            [
              -98.1716779,
              26.3062231
            ],
            [
              -98.1716765,
              26.3061983
            ],
            [
              -98.1716173,
              26.306201
            ],
            [
              -98.1716188,
              26.3062259
            ],
            [
              -98.1711619,
              26.3062473
            ],
            [
              -98.1712174,
              26.3062884
            ]
          ],
          [
            [
              -98.1714317,
              26.3064499
            ],
            [
              -98.171706,
              26.3064371
            ],
            [
              -98.1717065,
              26.3064466
            ],
            [
              -98.1716997,
              26.3064485
            ],
            [
              -98.1716886,
              26.3064596
            ],
            [
              -98.1716852,
              26.3064742
            ],
            [
              -98.1716903,
              26.3064883
            ],
            [
              -98.1717026,
              26.3064983
            ],
            [
              -98.1717189,
              26.3065014
            ],
            [
              -98.1717347,
              26.3064968
            ],
            [
              -98.1717458,
              26.3064857
            ],
            [
              -98.1717492,
              26.3064712
            ],
            [
              -98.1717441,
              26.306457
            ],
            [
              -98.1717318,
              26.306447
            ],
            [
              -98.1717248,
              26.3064457
            ],
            [
              -98.1717243,
              26.3064362
            ],
            [
              -98.1720024,
              26.3064232
            ],
            [
              -98.1720827,
              26.3064194
            ],
            [
              -98.1721133,
              26.3069439
            ],
            [
              -98.1720585,
              26.3069388
            ],
            [
              -98.1720639,
              26.306916
            ],
            [
              -98.1720589,
              26.3068984
            ],
            [
              -98.1720468,
              26.3068838
            ],
            [
              -98.1720294,
              26.3068745
            ],
            [
              -98.1720093,
              26.3068719
            ],
            [
              -98.1719897,
              26.3068764
            ],
            [
              -98.1719735,
              26.3068873
            ],
            [
              -98.1719631,
              26.3069029
            ],
            [
              -98.1719602,
              26.3069209
            ],
            [
              -98.1719635,
              26.3069299
            ],
            [
              -98.1719167,
              26.3069255
            ],
            [
              -98.1718802,
              26.3069221
            ],
            [
              -98.1718755,
              26.3068423
            ],
            [
              -98.1715189,
              26.306859
            ],
            [
              -98.1715216,
              26.3069048
            ],
            [
              -98.1714309,
              26.306909
            ],
            [
              -98.1714329,
              26.3069431
            ],
            [
              -98.1713782,
              26.3069456
            ],
            [
              -98.1713523,
              26.3065016
            ],
            [
              -98.1713733,
              26.3065014
            ],
            [
              -98.171396,
              26.3064935
            ],
            [
              -98.1714149,
              26.3064798
            ],
            [
              -98.1714167,
              26.3064773
            ],
            [
              -98.1714282,
              26.3064615
            ],
            [
              -98.1714317,
              26.3064499
            ]
          ]
        ]
      },
      "id": "relation/15022053"
    },
    {
      "type": "Feature",
      "properties": {
        "@id": "way/51323387",
        "building": "university",
        "name": "Social Work and Occupational Therapy",
        "short_name": "ESWOT"
      },
      "geometry": {
        "type": "Polygon",
        "coordinates": [
          [
            [
              -98.1694872,
              26.3032637
            ],
            [
              -98.1694962,
              26.3032631
            ],
            [
              -98.1695041,
              26.3032583
            ],
            [
              -98.1696811,
              26.303142
            ],
            [
              -98.1696873,
              26.303137
            ],
            [
              -98.1696908,
              26.3031286
            ],
            [
              -98.1697095,
              26.3030195
            ],
            [
              -98.1697104,
              26.3030096
            ],
            [
              -98.1697059,
              26.3030018
            ],
            [
              -98.1695743,
              26.3028415
            ],
            [
              -98.1695669,
              26.3028352
            ],
            [
              -98.1695572,
              26.3028329
            ],
            [
              -98.16943,
              26.3028154
            ],
            [
              -98.1694176,
              26.3028223
            ],
            [
              -98.1694128,
              26.3028547
            ],
            [
              -98.1692825,
              26.3029411
            ],
            [
              -98.1692504,
              26.3029362
            ],
            [
              -98.1692415,
              26.302938
            ],
            [
              -98.169235,
              26.3029444
            ],
            [
              -98.1692261,
              26.3029902
            ],
            [
              -98.1692288,
              26.3029911
            ],
            [
              -98.1692148,
              26.3030716
            ],
            [
              -98.1693536,
              26.3032406
            ],
            [
              -98.1693573,
              26.3032439
            ],
            [
              -98.1693623,
              26.3032454
            ],
            [
              -98.1694872,
              26.3032637
            ]
          ]
        ]
      },
      "id": "way/51323387"
    },
    {
      "type": "Feature",
      "properties": {
        "@id": "way/51323392",
        "building": "storage_tank",
        "content": "water",
        "name": "Thermal Storage Tank",
        "short_name": "ETHER"
      },
      "geometry": {
        "type": "Polygon",
        "coordinates": [
          [
            [
              -98.1735978,
              26.3085833
            ],
            [
              -98.1736009,
              26.3086118
            ],
            [
              -98.173612,
              26.3086385
            ],
            [
              -98.1736305,
              26.3086618
            ],
            [
              -98.1736551,
              26.30868
            ],
            [
              -98.1736841,
              26.3086919
            ],
            [
              -98.1737156,
              26.3086966
            ],
            [
              -98.1737473,
              26.3086939
            ],
            [
              -98.1737772,
              26.3086839
            ],
            [
              -98.1738032,
              26.3086673
            ],
            [
              -98.1738235,
              26.3086453
            ],
            [
              -98.1738368,
              26.3086193
            ],
            [
              -98.1738421,
              26.3085911
            ],
            [
              -98.1738374,
              26.3085571
            ],
            [
              -98.1738213,
              26.308526
            ],
            [
              -98.1737952,
              26.3085009
            ],
            [
              -98.1737618,
              26.3084843
            ],
            [
              -98.1737243,
              26.3084777
            ],
            [
              -98.1736863,
              26.3084819
            ],
            [
              -98.1736517,
              26.3084963
            ],
            [
              -98.1736237,
              26.3085197
            ],
            [
              -98.1736052,
              26.3085497
            ],
            [
              -98.1735978,
              26.3085833
            ]
          ]
        ]
      },
      "id": "way/51323392"
    },
    {
      "type": "Feature",
      "properties": {
        "@id": "way/51323416",
        "building": "university",
        "name": "UTPA Regional Academic Health Center",
        "short_name": "RAHC"
      },
      "geometry": {
        "type": "Polygon",
        "coordinates": [
          [
            [
              -98.1752084,
              26.308845
            ],
            [
              -98.1751857,
              26.3088518
            ],
            [
              -98.1750985,
              26.3088913
            ],
            [
              -98.1750659,
              26.3089117
            ],
            [
              -98.1750223,
              26.308939
            ],
            [
              -98.1749517,
              26.3089985
            ],
            [
              -98.1749848,
              26.3090274
            ],
            [
              -98.1749589,
              26.3090513
            ],
            [
              -98.1749398,
              26.309052
            ],
            [
              -98.1749429,
              26.309117
            ],
            [
              -98.1749508,
              26.3091167
            ],
            [
              -98.17497,
              26.3095191
            ],
            [
              -98.175103,
              26.309514
            ],
            [
              -98.1751011,
              26.3094746
            ],
            [
              -98.1751243,
              26.3094737
            ],
            [
              -98.1751246,
              26.3094802
            ],
            [
              -98.1751596,
              26.3094789
            ],
            [
              -98.1751909,
              26.3094777
            ],
            [
              -98.1751897,
              26.3094518
            ],
            [
              -98.1752492,
              26.3094495
            ],
            [
              -98.1752392,
              26.3092379
            ],
            [
              -98.1753781,
              26.3092361
            ],
            [
              -98.1754559,
              26.3088016
            ],
            [
              -98.1753714,
              26.3088026
            ],
            [
              -98.1752078,
              26.3088047
            ],
            [
              -98.1752084,
              26.308845
            ]
          ]
        ]
      },
      "id": "way/51323416"
    },
    {
      "type": "Feature",
      "properties": {
        "@id": "way/51323425",
        "building": "yes",
        "name": "Rio Grande Center for Manufacturing",
        "short_name": "CRMF"
      },
      "geometry": {
        "type": "Polygon",
        "coordinates": [
          [
            [
              -98.1801569,
              26.3085483
            ],
            [
              -98.1794522,
              26.3084422
            ],
            [
              -98.1794227,
              26.3086106
            ],
            [
              -98.1801289,
              26.3087104
            ],
            [
              -98.1801569,
              26.3085483
            ]
          ]
        ]
      },
      "id": "way/51323425"
    },
    {
      "type": "Feature",
      "properties": {
        "@id": "way/51323429",
        "building": "yes",
        "name": "Auditors / Office of the Chief Information Security Officer",
        "old_name": "UTPA Human Resources",
        "short_name": "HRBL"
      },
      "geometry": {
        "type": "Polygon",
        "coordinates": [
          [
            [
              -98.1744184,
              26.3106531
            ],
            [
              -98.1744506,
              26.3104752
            ],
            [
              -98.1743326,
              26.3104559
            ],
            [
              -98.1743165,
              26.3105569
            ],
            [
              -98.1741191,
              26.310531
            ],
            [
              -98.1741036,
              26.3106101
            ],
            [
              -98.1744184,
              26.3106531
            ]
          ]
        ]
      },
      "id": "way/51323429"
    },
    {
      "type": "Feature",
      "properties": {
        "@id": "way/51324156",
        "building": "yes",
        "name": "Child Development Center",
        "short_name": "ECDCR"
      },
      "geometry": {
        "type": "Polygon",
        "coordinates": [
          [
            [
              -98.1697897,
              26.3082867
            ],
            [
              -98.1698195,
              26.3081186
            ],
            [
              -98.1696326,
              26.308092
            ],
            [
              -98.1695517,
              26.3080805
            ],
            [
              -98.169341,
              26.3080505
            ],
            [
              -98.1693113,
              26.3082187
            ],
            [
              -98.1694221,
              26.3082344
            ],
            [
              -98.1693995,
              26.3083623
            ],
            [
              -98.1695849,
              26.3083887
            ],
            [
              -98.1696075,
              26.3082608
            ],
            [
              -98.1697897,
              26.3082867
            ]
          ]
        ]
      },
      "id": "way/51324156"
    },
    {
      "type": "Feature",
      "properties": {
        "@id": "way/51324159",
        "building": "university",
        "name": "Robert C. Vackar College of Business and Entrepreneurship",
        "short_name": "ECOBE"
      },
      "geometry": {
        "type": "Polygon",
        "coordinates": [
          [
            [
              -98.1733172,
              26.3075589
            ],
            [
              -98.173318,
              26.3075739
            ],
            [
              -98.1732803,
              26.3075754
            ],
            [
              -98.1732911,
              26.3077979
            ],
            [
              -98.1733364,
              26.3077961
            ],
            [
              -98.1733358,
              26.307785
            ],
            [
              -98.1733524,
              26.3077843
            ],
            [
              -98.1733527,
              26.3077895
            ],
            [
              -98.1733539,
              26.3078134
            ],
            [
              -98.1733648,
              26.3078225
            ],
            [
              -98.1733802,
              26.3078219
            ],
            [
              -98.1733905,
              26.307812
            ],
            [
              -98.1733891,
              26.3077829
            ],
            [
              -98.1734049,
              26.3077823
            ],
            [
              -98.1734208,
              26.3077816
            ],
            [
              -98.1734241,
              26.3078506
            ],
            [
              -98.1734795,
              26.3078487
            ],
            [
              -98.1736722,
              26.3078409
            ],
            [
              -98.1736688,
              26.3077719
            ],
            [
              -98.1736837,
              26.3077713
            ],
            [
              -98.1736986,
              26.3077707
            ],
            [
              -98.1737,
              26.3077998
            ],
            [
              -98.1737111,
              26.3078089
            ],
            [
              -98.1737264,
              26.3078083
            ],
            [
              -98.1737366,
              26.3077983
            ],
            [
              -98.1737355,
              26.3077745
            ],
            [
              -98.1737352,
              26.3077693
            ],
            [
              -98.1737512,
              26.3077687
            ],
            [
              -98.1737518,
              26.3077798
            ],
            [
              -98.173796,
              26.307778
            ],
            [
              -98.1737782,
              26.3074145
            ],
            [
              -98.173734,
              26.3074163
            ],
            [
              -98.1737342,
              26.3074209
            ],
            [
              -98.1737182,
              26.3074215
            ],
            [
              -98.1737172,
              26.3074007
            ],
            [
              -98.1737075,
              26.3073929
            ],
            [
              -98.1736894,
              26.3073936
            ],
            [
              -98.1736805,
              26.3074022
            ],
            [
              -98.1736816,
              26.307423
            ],
            [
              -98.1736642,
              26.3074237
            ],
            [
              -98.173647,
              26.3074243
            ],
            [
              -98.173644,
              26.3073629
            ],
            [
              -98.1734877,
              26.3073691
            ],
            [
              -98.1734907,
              26.3074305
            ],
            [
              -98.1734658,
              26.3074314
            ],
            [
              -98.1734431,
              26.3074323
            ],
            [
              -98.1734421,
              26.3074115
            ],
            [
              -98.1734325,
              26.3074037
            ],
            [
              -98.1734144,
              26.3074044
            ],
            [
              -98.1734055,
              26.307413
            ],
            [
              -98.1734065,
              26.3074338
            ],
            [
              -98.1733884,
              26.3074345
            ],
            [
              -98.1733338,
              26.3073827
            ],
            [
              -98.1732638,
              26.307386
            ],
            [
              -98.1732742,
              26.3073944
            ],
            [
              -98.173229,
              26.3074399
            ],
            [
              -98.1732185,
              26.3074315
            ],
            [
              -98.1732222,
              26.3074949
            ],
            [
              -98.1733172,
              26.3075589
            ]
          ]
        ]
      },
      "id": "way/51324159"
    },
    {
      "type": "Feature",
      "properties": {
        "@id": "way/51324160",
        "building": "university",
        "name": "Computer Center",
        "short_name": "ECCTR"
      },
      "geometry": {
        "type": "Polygon",
        "coordinates": [
          [
            [
              -98.1726265,
              26.3078911
            ],
            [
              -98.172648,
              26.3079333
            ],
            [
              -98.1726949,
              26.3080031
            ],
            [
              -98.1727425,
              26.3080613
            ],
            [
              -98.1727953,
              26.3081142
            ],
            [
              -98.1728671,
              26.3081712
            ],
            [
              -98.1729362,
              26.3082147
            ],
            [
              -98.1730335,
              26.3082614
            ],
            [
              -98.1730807,
              26.3082764
            ],
            [
              -98.1731513,
              26.3082734
            ],
            [
              -98.1731407,
              26.3080771
            ],
            [
              -98.1731294,
              26.3078692
            ],
            [
              -98.173016,
              26.3078741
            ],
            [
              -98.1730144,
              26.3078441
            ],
            [
              -98.1730138,
              26.3078326
            ],
            [
              -98.1728383,
              26.3078402
            ],
            [
              -98.172839,
              26.3078529
            ],
            [
              -98.1728405,
              26.3078818
            ],
            [
              -98.1726265,
              26.3078911
            ]
          ]
        ]
      },
      "id": "way/51324160"
    },
    {
      "type": "Feature",
      "properties": {
        "@id": "way/51324161",
        "building": "university",
        "name": "Mathematics & General Classrooms",
        "short_name": "EMAGC"
      },
      "geometry": {
        "type": "Polygon",
        "coordinates": [
          [
            [
              -98.1726263,
              26.3075763
            ],
            [
              -98.1726247,
              26.3076026
            ],
            [
              -98.1726286,
              26.3076435
            ],
            [
              -98.1726296,
              26.3076497
            ],
            [
              -98.1726353,
              26.3076852
            ],
            [
              -98.1726842,
              26.3076831
            ],
            [
              -98.1727332,
              26.307681
            ],
            [
              -98.172736,
              26.3077325
            ],
            [
              -98.1727399,
              26.3078055
            ],
            [
              -98.172727,
              26.3078061
            ],
            [
              -98.1727291,
              26.307845
            ],
            [
              -98.1728383,
              26.3078402
            ],
            [
              -98.1730138,
              26.3078326
            ],
            [
              -98.1731259,
              26.3078277
            ],
            [
              -98.1731238,
              26.3077889
            ],
            [
              -98.1731103,
              26.3077894
            ],
            [
              -98.1731075,
              26.3077372
            ],
            [
              -98.1730939,
              26.3074865
            ],
            [
              -98.1731075,
              26.3074859
            ],
            [
              -98.1731053,
              26.3074461
            ],
            [
              -98.1730236,
              26.3074496
            ],
            [
              -98.1729296,
              26.3074537
            ],
            [
              -98.1728704,
              26.3074563
            ],
            [
              -98.1728536,
              26.3074427
            ],
            [
              -98.1728368,
              26.3074291
            ],
            [
              -98.1728335,
              26.3073674
            ],
            [
              -98.1728309,
              26.3073193
            ],
            [
              -98.1725011,
              26.3073336
            ],
            [
              -98.1724802,
              26.3073345
            ],
            [
              -98.1724796,
              26.307324
            ],
            [
              -98.1724356,
              26.3073259
            ],
            [
              -98.1724496,
              26.307584
            ],
            [
              -98.1725145,
              26.3075812
            ],
            [
              -98.1726263,
              26.3075763
            ]
          ]
        ]
      },
      "id": "way/51324161"
    },
    {
      "type": "Feature",
      "properties": {
        "@id": "way/51324165",
        "building": "university",
        "name": "Health Affairs Building West Classroom A",
        "short_name": "EHABW"
      },
      "geometry": {
        "type": "Polygon",
        "coordinates": [
          [
            [
              -98.1757948,
              26.3075107
            ],
            [
              -98.1757926,
              26.3074688
            ],
            [
              -98.1758149,
              26.3074679
            ],
            [
              -98.1758401,
              26.3074668
            ],
            [
              -98.1758387,
              26.3074409
            ],
            [
              -98.1758381,
              26.3074298
            ],
            [
              -98.1759783,
              26.3074239
            ],
            [
              -98.1759767,
              26.3073921
            ],
            [
              -98.1759648,
              26.3073926
            ],
            [
              -98.175959,
              26.3072813
            ],
            [
              -98.1759708,
              26.3072808
            ],
            [
              -98.1759692,
              26.3072495
            ],
            [
              -98.175829,
              26.3072554
            ],
            [
              -98.1758271,
              26.3072194
            ],
            [
              -98.1757982,
              26.3072206
            ],
            [
              -98.1757796,
              26.3072214
            ],
            [
              -98.1757775,
              26.307181
            ],
            [
              -98.1757746,
              26.3071729
            ],
            [
              -98.1757676,
              26.3071671
            ],
            [
              -98.1757583,
              26.3071653
            ],
            [
              -98.1757493,
              26.3071679
            ],
            [
              -98.1757429,
              26.3071742
            ],
            [
              -98.1757409,
              26.3071825
            ],
            [
              -98.175743,
              26.3072229
            ],
            [
              -98.1756504,
              26.3072268
            ],
            [
              -98.1756465,
              26.3071511
            ],
            [
              -98.175525,
              26.3071562
            ],
            [
              -98.175529,
              26.3072319
            ],
            [
              -98.1753938,
              26.3072376
            ],
            [
              -98.1753899,
              26.3071619
            ],
            [
              -98.1753476,
              26.3071637
            ],
            [
              -98.1753488,
              26.3071867
            ],
            [
              -98.1753102,
              26.3071884
            ],
            [
              -98.175309,
              26.3071653
            ],
            [
              -98.1752666,
              26.3071671
            ],
            [
              -98.1752706,
              26.3072428
            ],
            [
              -98.1751799,
              26.3072466
            ],
            [
              -98.1751778,
              26.3072062
            ],
            [
              -98.1751749,
              26.3071981
            ],
            [
              -98.1751679,
              26.3071924
            ],
            [
              -98.1751586,
              26.3071906
            ],
            [
              -98.1751496,
              26.3071932
            ],
            [
              -98.1751432,
              26.3071994
            ],
            [
              -98.1751412,
              26.3072077
            ],
            [
              -98.1751433,
              26.3072481
            ],
            [
              -98.1750948,
              26.3072502
            ],
            [
              -98.175095,
              26.3072549
            ],
            [
              -98.1750957,
              26.3072674
            ],
            [
              -98.1750963,
              26.3072798
            ],
            [
              -98.1750967,
              26.3072862
            ],
            [
              -98.174957,
              26.3072921
            ],
            [
              -98.1749586,
              26.3073234
            ],
            [
              -98.1749705,
              26.3073229
            ],
            [
              -98.1749716,
              26.3073433
            ],
            [
              -98.1749753,
              26.3074142
            ],
            [
              -98.1749763,
              26.3074342
            ],
            [
              -98.1749645,
              26.3074347
            ],
            [
              -98.1749661,
              26.3074665
            ],
            [
              -98.1751058,
              26.3074606
            ],
            [
              -98.1751064,
              26.3074716
            ],
            [
              -98.1751077,
              26.3074976
            ],
            [
              -98.1751305,
              26.3074967
            ],
            [
              -98.1751563,
              26.3074956
            ],
            [
              -98.1751585,
              26.3075374
            ],
            [
              -98.1751613,
              26.3075455
            ],
            [
              -98.1751684,
              26.3075513
            ],
            [
              -98.1751776,
              26.3075531
            ],
            [
              -98.1751867,
              26.3075505
            ],
            [
              -98.175193,
              26.3075442
            ],
            [
              -98.1751951,
              26.3075359
            ],
            [
              -98.1751929,
              26.307494
            ],
            [
              -98.17529,
              26.3074899
            ],
            [
              -98.1753024,
              26.3074894
            ],
            [
              -98.1753149,
              26.3074889
            ],
            [
              -98.1754645,
              26.3074826
            ],
            [
              -98.1754817,
              26.3074819
            ],
            [
              -98.1755419,
              26.3074793
            ],
            [
              -98.175545,
              26.3075376
            ],
            [
              -98.1755848,
              26.3075359
            ],
            [
              -98.1755839,
              26.3075184
            ],
            [
              -98.1756287,
              26.3075166
            ],
            [
              -98.1756297,
              26.3075341
            ],
            [
              -98.1756664,
              26.3075325
            ],
            [
              -98.1756634,
              26.3074742
            ],
            [
              -98.175756,
              26.3074703
            ],
            [
              -98.1757581,
              26.3075122
            ],
            [
              -98.175761,
              26.3075203
            ],
            [
              -98.175768,
              26.307526
            ],
            [
              -98.1757773,
              26.3075278
            ],
            [
              -98.1757864,
              26.3075253
            ],
            [
              -98.1757927,
              26.307519
            ],
            [
              -98.1757948,
              26.3075107
            ]
          ]
        ]
      },
      "id": "way/51324165"
    },
    {
      "type": "Feature",
      "properties": {
        "@id": "way/51324166",
        "building": "university",
        "name": "Health Affairs Building East",
        "short_name": "EHABE"
      },
      "geometry": {
        "type": "Polygon",
        "coordinates": [
          [
            [
              -98.1741967,
              26.3073086
            ],
            [
              -98.1742023,
              26.3073131
            ],
            [
              -98.1741907,
              26.3073245
            ],
            [
              -98.1741792,
              26.3073359
            ],
            [
              -98.1741736,
              26.3073313
            ],
            [
              -98.1741298,
              26.3073331
            ],
            [
              -98.1741208,
              26.3073357
            ],
            [
              -98.1741144,
              26.307342
            ],
            [
              -98.1741123,
              26.3073503
            ],
            [
              -98.1741152,
              26.3073584
            ],
            [
              -98.1741222,
              26.3073641
            ],
            [
              -98.1741315,
              26.3073659
            ],
            [
              -98.17416,
              26.3073647
            ],
            [
              -98.1741666,
              26.3073644
            ],
            [
              -98.1741757,
              26.3075396
            ],
            [
              -98.1742975,
              26.3075345
            ],
            [
              -98.1744403,
              26.3075286
            ],
            [
              -98.1744535,
              26.307528
            ],
            [
              -98.1744545,
              26.3075477
            ],
            [
              -98.1744563,
              26.3075824
            ],
            [
              -98.1745732,
              26.3075775
            ],
            [
              -98.1745969,
              26.3075542
            ],
            [
              -98.1747539,
              26.3075477
            ],
            [
              -98.1747799,
              26.3075689
            ],
            [
              -98.1748239,
              26.3075671
            ],
            [
              -98.1748208,
              26.3075062
            ],
            [
              -98.1748118,
              26.3073323
            ],
            [
              -98.1748168,
              26.3073321
            ],
            [
              -98.1748448,
              26.3073309
            ],
            [
              -98.1748538,
              26.3073282
            ],
            [
              -98.1748602,
              26.3073219
            ],
            [
              -98.1748622,
              26.3073136
            ],
            [
              -98.1748593,
              26.3073055
            ],
            [
              -98.1748523,
              26.3072998
            ],
            [
              -98.1748431,
              26.307298
            ],
            [
              -98.1747932,
              26.3073001
            ],
            [
              -98.1747914,
              26.307302
            ],
            [
              -98.1747804,
              26.3072936
            ],
            [
              -98.1747693,
              26.3072852
            ],
            [
              -98.1747718,
              26.3072826
            ],
            [
              -98.1747688,
              26.3072261
            ],
            [
              -98.1745451,
              26.3072355
            ],
            [
              -98.1745456,
              26.3072438
            ],
            [
              -98.1745137,
              26.3072389
            ],
            [
              -98.174482,
              26.3072381
            ],
            [
              -98.1744505,
              26.3072415
            ],
            [
              -98.1744192,
              26.3072491
            ],
            [
              -98.1744188,
              26.3072408
            ],
            [
              -98.1741937,
              26.3072502
            ],
            [
              -98.1741967,
              26.3073086
            ]
          ]
        ]
      },
      "id": "way/51324166"
    },
    {
      "type": "Feature",
      "properties": {
        "@id": "way/51324167",
        "building": "university",
        "name": "Central Utility Plant",
        "short_name": "ECULP"
      },
      "geometry": {
        "type": "Polygon",
        "coordinates": [
          [
            [
              -98.1746786,
              26.3078793
            ],
            [
              -98.1746758,
              26.3078211
            ],
            [
              -98.1747032,
              26.3078201
            ],
            [
              -98.1747021,
              26.3077961
            ],
            [
              -98.1747012,
              26.3077776
            ],
            [
              -98.1747009,
              26.3077722
            ],
            [
              -98.1746735,
              26.3077732
            ],
            [
              -98.1746703,
              26.3077054
            ],
            [
              -98.1742406,
              26.3077219
            ],
            [
              -98.1742438,
              26.3077898
            ],
            [
              -98.1742184,
              26.3077908
            ],
            [
              -98.1742193,
              26.3078089
            ],
            [
              -98.1742203,
              26.3078309
            ],
            [
              -98.1742207,
              26.3078386
            ],
            [
              -98.1742461,
              26.3078377
            ],
            [
              -98.1742489,
              26.3078958
            ],
            [
              -98.1742744,
              26.3078948
            ],
            [
              -98.1742777,
              26.3079633
            ],
            [
              -98.1743171,
              26.3079618
            ],
            [
              -98.1743138,
              26.3078933
            ],
            [
              -98.1746786,
              26.3078793
            ]
          ]
        ]
      },
      "id": "way/51324167"
    },
    {
      "type": "Feature",
      "properties": {
        "@id": "way/51325891",
        "building": "yes",
        "name": "Emilia Schunior Ramirez Hall",
        "short_name": "EMLH"
      },
      "geometry": {
        "type": "Polygon",
        "coordinates": [
          [
            [
              -98.1776774,
              26.3059215
            ],
            [
              -98.1776715,
              26.3058205
            ],
            [
              -98.1776702,
              26.3057981
            ],
            [
              -98.1775346,
              26.3058045
            ],
            [
              -98.1772703,
              26.3058168
            ],
            [
              -98.1772775,
              26.3059402
            ],
            [
              -98.1775367,
              26.3059281
            ],
            [
              -98.1775387,
              26.3059624
            ],
            [
              -98.1775996,
              26.3059596
            ],
            [
              -98.1775976,
              26.3059253
            ],
            [
              -98.1776774,
              26.3059215
            ]
          ]
        ]
      },
      "id": "way/51325891"
    },
    {
      "type": "Feature",
      "properties": {
        "@id": "way/51326483",
        "building": "university",
        "name": "Liberal Arts Building South",
        "short_name": "ELABS"
      },
      "geometry": {
        "type": "Polygon",
        "coordinates": [
          [
            [
              -98.1758925,
              26.3063335
            ],
            [
              -98.1758843,
              26.3063476
            ],
            [
              -98.1758853,
              26.3063636
            ],
            [
              -98.1758952,
              26.3063769
            ],
            [
              -98.1759353,
              26.3064091
            ],
            [
              -98.1759114,
              26.306433
            ],
            [
              -98.1761604,
              26.3066333
            ],
            [
              -98.1762058,
              26.3065879
            ],
            [
              -98.1762546,
              26.3066271
            ],
            [
              -98.1762658,
              26.3066288
            ],
            [
              -98.1762759,
              26.3066239
            ],
            [
              -98.1762803,
              26.3066144
            ],
            [
              -98.1762771,
              26.3066046
            ],
            [
              -98.1762283,
              26.3065654
            ],
            [
              -98.1765086,
              26.3062853
            ],
            [
              -98.1765573,
              26.3063245
            ],
            [
              -98.1765688,
              26.3063261
            ],
            [
              -98.1765789,
              26.3063211
            ],
            [
              -98.1765834,
              26.3063115
            ],
            [
              -98.1765804,
              26.3063015
            ],
            [
              -98.1765316,
              26.3062623
            ],
            [
              -98.1765667,
              26.3062273
            ],
            [
              -98.1766083,
              26.3061857
            ],
            [
              -98.1763592,
              26.3059854
            ],
            [
              -98.1762839,
              26.3060607
            ],
            [
              -98.1762439,
              26.3060285
            ],
            [
              -98.1762284,
              26.3060214
            ],
            [
              -98.176211,
              26.306022
            ],
            [
              -98.1761961,
              26.30603
            ],
            [
              -98.1760028,
              26.3058746
            ],
            [
              -98.1758163,
              26.3058825
            ],
            [
              -98.1756908,
              26.306008
            ],
            [
              -98.1757001,
              26.3061787
            ],
            [
              -98.1758666,
              26.3063126
            ],
            [
              -98.1758925,
              26.3063335
            ]
          ]
        ]
      },
      "id": "way/51326483"
    },
    {
      "type": "Feature",
      "properties": {
        "@id": "way/51326484",
        "building": "university",
        "name": "Student Health Center",
        "short_name": "ESTHC"
      },
      "geometry": {
        "type": "Polygon",
        "coordinates": [
          [
            [
              -98.1774374,
              26.3096588
            ],
            [
              -98.1774222,
              26.3097447
            ],
            [
              -98.1775384,
              26.3097613
            ],
            [
              -98.177553,
              26.3096795
            ],
            [
              -98.1775903,
              26.3096848
            ],
            [
              -98.177591,
              26.3096807
            ],
            [
              -98.1775856,
              26.30968
            ],
            [
              -98.1775908,
              26.3096773
            ],
            [
              -98.1775976,
              26.3096712
            ],
            [
              -98.1776024,
              26.3096636
            ],
            [
              -98.1776047,
              26.3096553
            ],
            [
              -98.1776044,
              26.3096466
            ],
            [
              -98.1776016,
              26.3096384
            ],
            [
              -98.1775965,
              26.3096311
            ],
            [
              -98.1775899,
              26.3096258
            ],
            [
              -98.1776198,
              26.30963
            ],
            [
              -98.1776624,
              26.30939
            ],
            [
              -98.1775024,
              26.3093672
            ],
            [
              -98.177498,
              26.309367
            ],
            [
              -98.1774893,
              26.3093689
            ],
            [
              -98.1774816,
              26.3093731
            ],
            [
              -98.1774757,
              26.3093791
            ],
            [
              -98.177472,
              26.3093865
            ],
            [
              -98.1774709,
              26.3093945
            ],
            [
              -98.1774726,
              26.3094024
            ],
            [
              -98.1774767,
              26.3094095
            ],
            [
              -98.177481,
              26.3094133
            ],
            [
              -98.1774469,
              26.3096054
            ],
            [
              -98.1774593,
              26.3096071
            ],
            [
              -98.1774512,
              26.3096104
            ],
            [
              -98.1774438,
              26.3096159
            ],
            [
              -98.1774382,
              26.3096229
            ],
            [
              -98.177435,
              26.3096311
            ],
            [
              -98.1774343,
              26.3096397
            ],
            [
              -98.1774362,
              26.3096481
            ],
            [
              -98.1774406,
              26.3096558
            ],
            [
              -98.1774447,
              26.3096599
            ],
            [
              -98.1774374,
              26.3096588
            ]
          ]
        ]
      },
      "id": "way/51326484"
    },
    {
      "type": "Feature",
      "properties": {
        "@id": "way/51326485",
        "building": "university",
        "leisure": "fitness_centre",
        "name": "University Recreation",
        "short_name": "EUREC"
      },
      "geometry": {
        "type": "Polygon",
        "coordinates": [
          [
            [
              -98.1773998,
              26.3101479
            ],
            [
              -98.1774056,
              26.3102382
            ],
            [
              -98.177398,
              26.3102357
            ],
            [
              -98.1773747,
              26.3102366
            ],
            [
              -98.1773536,
              26.3102453
            ],
            [
              -98.1773379,
              26.3102607
            ],
            [
              -98.1773299,
              26.3102802
            ],
            [
              -98.1773309,
              26.310301
            ],
            [
              -98.1773406,
              26.3103199
            ],
            [
              -98.1773577,
              26.310334
            ],
            [
              -98.1773796,
              26.3103412
            ],
            [
              -98.1774028,
              26.3103403
            ],
            [
              -98.177412,
              26.3103365
            ],
            [
              -98.1774181,
              26.3104301
            ],
            [
              -98.1773981,
              26.310442
            ],
            [
              -98.1773856,
              26.3104316
            ],
            [
              -98.1773638,
              26.3104245
            ],
            [
              -98.1773405,
              26.3104253
            ],
            [
              -98.1773194,
              26.3104341
            ],
            [
              -98.1773037,
              26.3104494
            ],
            [
              -98.1772957,
              26.310469
            ],
            [
              -98.1772967,
              26.3104898
            ],
            [
              -98.1773064,
              26.3105087
            ],
            [
              -98.1773235,
              26.3105228
            ],
            [
              -98.1773454,
              26.31053
            ],
            [
              -98.1773686,
              26.3105291
            ],
            [
              -98.1773897,
              26.3105203
            ],
            [
              -98.1774054,
              26.310505
            ],
            [
              -98.1774077,
              26.3104995
            ],
            [
              -98.1774257,
              26.3105102
            ],
            [
              -98.1774249,
              26.3105151
            ],
            [
              -98.1775433,
              26.3105319
            ],
            [
              -98.1775387,
              26.3105582
            ],
            [
              -98.1775692,
              26.3105625
            ],
            [
              -98.1775681,
              26.310569
            ],
            [
              -98.1776965,
              26.3105873
            ],
            [
              -98.177687,
              26.3106411
            ],
            [
              -98.1780093,
              26.310687
            ],
            [
              -98.1780502,
              26.310456
            ],
            [
              -98.1780351,
              26.3104539
            ],
            [
              -98.1780384,
              26.310435
            ],
            [
              -98.1780535,
              26.3104371
            ],
            [
              -98.1781123,
              26.3101047
            ],
            [
              -98.1780973,
              26.3101025
            ],
            [
              -98.1781006,
              26.3100836
            ],
            [
              -98.1781157,
              26.3100857
            ],
            [
              -98.1781564,
              26.3098559
            ],
            [
              -98.1777056,
              26.3097918
            ],
            [
              -98.1776813,
              26.3099292
            ],
            [
              -98.1774398,
              26.3098948
            ],
            [
              -98.1774128,
              26.3100476
            ],
            [
              -98.1774085,
              26.3100477
            ],
            [
              -98.1773874,
              26.3100565
            ],
            [
              -98.1773717,
              26.3100718
            ],
            [
              -98.1773637,
              26.3100914
            ],
            [
              -98.1773646,
              26.3101122
            ],
            [
              -98.1773744,
              26.3101311
            ],
            [
              -98.1773915,
              26.3101452
            ],
            [
              -98.1773998,
              26.3101479
            ]
          ]
        ]
      },
      "id": "way/51326485"
    },
    {
      "type": "Feature",
      "properties": {
        "@id": "way/51326558",
        "building": "university",
        "name": "Dining & Ballroom Complex",
        "short_name": "EDBCX"
      },
      "geometry": {
        "type": "Polygon",
        "coordinates": [
          [
            [
              -98.1758449,
              26.3050986
            ],
            [
              -98.1758001,
              26.3051005
            ],
            [
              -98.1757988,
              26.3050748
            ],
            [
              -98.1755969,
              26.3050834
            ],
            [
              -98.175609,
              26.3053113
            ],
            [
              -98.1758138,
              26.3053025
            ],
            [
              -98.1758123,
              26.3052756
            ],
            [
              -98.1758401,
              26.3052744
            ],
            [
              -98.1758442,
              26.3053511
            ],
            [
              -98.1759336,
              26.3053473
            ],
            [
              -98.1759321,
              26.3053193
            ],
            [
              -98.1760355,
              26.3053149
            ],
            [
              -98.1760376,
              26.3053535
            ],
            [
              -98.1760741,
              26.3053519
            ],
            [
              -98.176072,
              26.3053127
            ],
            [
              -98.1766033,
              26.30529
            ],
            [
              -98.1765891,
              26.3050244
            ],
            [
              -98.1765294,
              26.3050269
            ],
            [
              -98.1764453,
              26.3050305
            ],
            [
              -98.1762602,
              26.3050385
            ],
            [
              -98.176176,
              26.3050421
            ],
            [
              -98.1759123,
              26.3050533
            ],
            [
              -98.1759145,
              26.3050956
            ],
            [
              -98.1758993,
              26.3050962
            ],
            [
              -98.1758449,
              26.3050986
            ]
          ]
        ]
      },
      "id": "way/51326558"
    },
    {
      "type": "Feature",
      "properties": {
        "@id": "way/51326561",
        "building": "university",
        "name": "Student Union",
        "short_name": "ESTUN"
      },
      "geometry": {
        "type": "Polygon",
        "coordinates": [
          [
            [
              -98.1750478,
              26.3052635
            ],
            [
              -98.1750862,
              26.305281
            ],
            [
              -98.1750178,
              26.3054012
            ],
            [
              -98.1750575,
              26.3054193
            ],
            [
              -98.1750633,
              26.3055134
            ],
            [
              -98.1750749,
              26.305701
            ],
            [
              -98.1751357,
              26.3057288
            ],
            [
              -98.1750824,
              26.3058224
            ],
            [
              -98.1754818,
              26.3058025
            ],
            [
              -98.1754727,
              26.305655
            ],
            [
              -98.1754498,
              26.3052841
            ],
            [
              -98.1753346,
              26.3052314
            ],
            [
              -98.1753479,
              26.3052081
            ],
            [
              -98.1751732,
              26.3051282
            ],
            [
              -98.1751592,
              26.3051527
            ],
            [
              -98.1750375,
              26.305097
            ],
            [
              -98.1750478,
              26.3052635
            ]
          ]
        ]
      },
      "id": "way/51326561"
    },
    {
      "type": "Feature",
      "properties": {
        "@id": "way/51326562",
        "building": "chapel",
        "name": "Chapel",
        "short_name": "ECHAP"
      },
      "geometry": {
        "type": "Polygon",
        "coordinates": [
          [
            [
              -98.1747571,
              26.3053192
            ],
            [
              -98.1747094,
              26.3052532
            ],
            [
              -98.1746295,
              26.3052995
            ],
            [
              -98.1746773,
              26.3053656
            ],
            [
              -98.1746667,
              26.3053718
            ],
            [
              -98.1746838,
              26.3053955
            ],
            [
              -98.1746944,
              26.3053893
            ],
            [
              -98.1747036,
              26.3054021
            ],
            [
              -98.1747835,
              26.3053557
            ],
            [
              -98.1747743,
              26.305343
            ],
            [
              -98.1747848,
              26.3053369
            ],
            [
              -98.1747677,
              26.3053131
            ],
            [
              -98.1747571,
              26.3053192
            ]
          ]
        ]
      },
      "id": "way/51326562"
    },
    {
      "type": "Feature",
      "properties": {
        "@id": "way/51326610",
        "amenity": "library",
        "building": "university",
        "name": "University Library",
        "short_name": "ELIBR",
        "wheelchair": "limited"
      },
      "geometry": {
        "type": "Polygon",
        "coordinates": [
          [
            [
              -98.174189,
              26.3069017
            ],
            [
              -98.1741813,
              26.3069251
            ],
            [
              -98.1741818,
              26.3069495
            ],
            [
              -98.1741906,
              26.3069725
            ],
            [
              -98.1742067,
              26.3069922
            ],
            [
              -98.1742288,
              26.3070064
            ],
            [
              -98.1742546,
              26.3070141
            ],
            [
              -98.1742818,
              26.3070143
            ],
            [
              -98.1743078,
              26.3070072
            ],
            [
              -98.1743302,
              26.3069933
            ],
            [
              -98.1743468,
              26.306974
            ],
            [
              -98.1743854,
              26.3069916
            ],
            [
              -98.1745561,
              26.306692
            ],
            [
              -98.1745209,
              26.3066759
            ],
            [
              -98.1745422,
              26.3066385
            ],
            [
              -98.1745588,
              26.3066438
            ],
            [
              -98.1745763,
              26.3066428
            ],
            [
              -98.1745919,
              26.3066356
            ],
            [
              -98.174603,
              26.3066233
            ],
            [
              -98.1746076,
              26.306608
            ],
            [
              -98.174605,
              26.3065924
            ],
            [
              -98.1745957,
              26.3065791
            ],
            [
              -98.1745811,
              26.3065702
            ],
            [
              -98.1745603,
              26.3065675
            ],
            [
              -98.1745405,
              26.3065741
            ],
            [
              -98.1745266,
              26.3065883
            ],
            [
              -98.174486,
              26.3065697
            ],
            [
              -98.174489,
              26.3065645
            ],
            [
              -98.1743315,
              26.3064924
            ],
            [
              -98.1742255,
              26.3066785
            ],
            [
              -98.1741724,
              26.3066542
            ],
            [
              -98.1741905,
              26.3066223
            ],
            [
              -98.1740246,
              26.30663
            ],
            [
              -98.1740218,
              26.3066063
            ],
            [
              -98.1740119,
              26.3065843
            ],
            [
              -98.1739957,
              26.3065655
            ],
            [
              -98.1739744,
              26.3065513
            ],
            [
              -98.1739496,
              26.3065429
            ],
            [
              -98.1739232,
              26.3065409
            ],
            [
              -98.1738921,
              26.306547
            ],
            [
              -98.173865,
              26.3065618
            ],
            [
              -98.1738447,
              26.3065837
            ],
            [
              -98.1738334,
              26.3066104
            ],
            [
              -98.1738324,
              26.3066388
            ],
            [
              -98.1737214,
              26.306644
            ],
            [
              -98.1736749,
              26.3066461
            ],
            [
              -98.1739176,
              26.306214
            ],
            [
              -98.1739241,
              26.3061888
            ],
            [
              -98.1739237,
              26.3061629
            ],
            [
              -98.1739163,
              26.3061379
            ],
            [
              -98.1739025,
              26.3061152
            ],
            [
              -98.173883,
              26.3060961
            ],
            [
              -98.173859,
              26.3060818
            ],
            [
              -98.1738262,
              26.306072
            ],
            [
              -98.1737916,
              26.306071
            ],
            [
              -98.1737582,
              26.306079
            ],
            [
              -98.1737287,
              26.3060952
            ],
            [
              -98.1737057,
              26.3061183
            ],
            [
              -98.1736418,
              26.306232
            ],
            [
              -98.1736006,
              26.3062382
            ],
            [
              -98.1733634,
              26.3066605
            ],
            [
              -98.1732925,
              26.3066638
            ],
            [
              -98.1732798,
              26.3066682
            ],
            [
              -98.173273,
              26.3066724
            ],
            [
              -98.1732639,
              26.3066814
            ],
            [
              -98.1732601,
              26.3066882
            ],
            [
              -98.1732665,
              26.3067998
            ],
            [
              -98.1731889,
              26.3069379
            ],
            [
              -98.1737652,
              26.3069126
            ],
            [
              -98.1740877,
              26.3068984
            ],
            [
              -98.1741007,
              26.3068924
            ],
            [
              -98.174107,
              26.3068875
            ],
            [
              -98.174115,
              26.3068778
            ],
            [
              -98.174118,
              26.3068703
            ],
            [
              -98.1741175,
              26.3068602
            ],
            [
              -98.1741611,
              26.3068801
            ],
            [
              -98.1741571,
              26.3068871
            ],
            [
              -98.174189,
              26.3069017
            ]
          ]
        ]
      },
      "id": "way/51326610"
    },
    {
      "type": "Feature",
      "properties": {
        "@id": "way/51326611",
        "building": "university",
        "name": "The Learning Center",
        "short_name": "ELCTR"
      },
      "geometry": {
        "type": "Polygon",
        "coordinates": [
          [
            [
              -98.1733658,
              26.3060542
            ],
            [
              -98.1731985,
              26.3059783
            ],
            [
              -98.173,
              26.3063302
            ],
            [
              -98.172818,
              26.3066528
            ],
            [
              -98.1728883,
              26.3066847
            ],
            [
              -98.1729853,
              26.3067287
            ],
            [
              -98.1731401,
              26.3064542
            ],
            [
              -98.1731609,
              26.3064637
            ],
            [
              -98.1731761,
              26.3064368
            ],
            [
              -98.1731912,
              26.3064099
            ],
            [
              -98.1731705,
              26.3064005
            ],
            [
              -98.1733658,
              26.3060542
            ]
          ]
        ]
      },
      "id": "way/51326611"
    },
    {
      "type": "Feature",
      "properties": {
        "@id": "way/51326612",
        "building": "university",
        "name": "Academic Services",
        "short_name": "EACSB"
      },
      "geometry": {
        "type": "Polygon",
        "coordinates": [
          [
            [
              -98.1730606,
              26.3055711
            ],
            [
              -98.1730587,
              26.305539
            ],
            [
              -98.1731471,
              26.305535
            ],
            [
              -98.1731291,
              26.3052168
            ],
            [
              -98.1725871,
              26.3052414
            ],
            [
              -98.1725872,
              26.3052424
            ],
            [
              -98.1725896,
              26.3052842
            ],
            [
              -98.1725674,
              26.3053063
            ],
            [
              -98.1725441,
              26.3053295
            ],
            [
              -98.1724728,
              26.3053328
            ],
            [
              -98.1724601,
              26.3053407
            ],
            [
              -98.1724557,
              26.3053541
            ],
            [
              -98.1724585,
              26.3053631
            ],
            [
              -98.1724655,
              26.3053702
            ],
            [
              -98.1724751,
              26.3053738
            ],
            [
              -98.1725061,
              26.3053724
            ],
            [
              -98.1725161,
              26.3055498
            ],
            [
              -98.1725177,
              26.3055778
            ],
            [
              -98.1725275,
              26.3057508
            ],
            [
              -98.1728845,
              26.3057345
            ],
            [
              -98.1728803,
              26.3056596
            ],
            [
              -98.172897,
              26.3056589
            ],
            [
              -98.1729061,
              26.3056562
            ],
            [
              -98.1729124,
              26.3056499
            ],
            [
              -98.1729144,
              26.3056416
            ],
            [
              -98.1729115,
              26.3056335
            ],
            [
              -98.1729045,
              26.3056278
            ],
            [
              -98.1728952,
              26.305626
            ],
            [
              -98.1728784,
              26.3056268
            ],
            [
              -98.1728763,
              26.305589
            ],
            [
              -98.1729149,
              26.3055505
            ],
            [
              -98.1729202,
              26.3055453
            ],
            [
              -98.173013,
              26.3055411
            ],
            [
              -98.1730148,
              26.3055732
            ],
            [
              -98.1730237,
              26.3055846
            ],
            [
              -98.1730386,
              26.3055886
            ],
            [
              -98.1730487,
              26.305586
            ],
            [
              -98.1730565,
              26.3055798
            ],
            [
              -98.1730606,
              26.3055711
            ]
          ]
        ]
      },
      "id": "way/51326612"
    },
    {
      "type": "Feature",
      "properties": {
        "@id": "way/160994075",
        "addr:city": "Edinburg",
        "addr:country": "US",
        "addr:housename": "Whataburger",
        "addr:housenumber": "1812",
        "addr:postcode": "78539",
        "addr:state": "TX",
        "addr:street": "West University Drive",
        "amenity": "fast_food",
        "branch": "University & Pin Oak",
        "brand": "Whataburger",
        "brand:wikidata": "Q376627",
        "building": "yes",
        "cuisine": "burger",
        "name": "Whataburger",
        "phone": "+1 956-380-0373",
        "source": "Bing",
        "source:addr": "website",
        "source:name": "survey",
        "source:ref": "website",
        "takeaway": "yes",
        "website": "https://www.whataburger.com/one_store_locator.php?state=TX"
      },
      "geometry": {
        "type": "Polygon",
        "coordinates": [
          [
            [
              -98.1821182,
              26.3039342
            ],
            [
              -98.1821546,
              26.3037203
            ],
            [
              -98.1820165,
              26.3037009
            ],
            [
              -98.1819871,
              26.3039166
            ],
            [
              -98.1821182,
              26.3039342
            ]
          ]
        ]
      },
      "id": "way/160994075"
    },
    {
      "type": "Feature",
      "properties": {
        "@id": "way/160995678",
        "addr:city": "Edinburg",
        "addr:housenumber": "1804",
        "addr:postcode": "78539",
        "addr:state": "TX",
        "addr:street": "West University Drive",
        "amenity": "fast_food",
        "building": "yes",
        "cuisine": "mexican",
        "name": "Taco Bell/Long John Silvers",
        "phone": "+1 956-383-1005",
        "source": "Bing",
        "website": "https://locations.tacobell.com/tx/edinburg/1804-w-university-dr.html"
      },
      "geometry": {
        "type": "Polygon",
        "coordinates": [
          [
            [
              -98.1814652,
              26.3037997
            ],
            [
              -98.181495,
              26.3036174
            ],
            [
              -98.1813675,
              26.3035965
            ],
            [
              -98.181334,
              26.3037832
            ],
            [
              -98.1814652,
              26.3037997
            ]
          ]
        ]
      },
      "id": "way/160995678"
    },
    {
      "type": "Feature",
      "properties": {
        "@id": "way/160997147",
        "addr:city": "Edinburg",
        "addr:country": "US",
        "addr:housenumber": "1724",
        "addr:postcode": "78539",
        "addr:state": "TX",
        "addr:street": "West University Drive",
        "brand": "Walmart",
        "brand:wikidata": "Q483551",
        "building": "yes",
        "name": "Walmart Supercenter",
        "opening_hours": "24/7",
        "operator": "Walmart",
        "operator:wikidata": "Q483551",
        "payment:app:walmart": "yes",
        "payment:apple_pay": "no",
        "payment:google_pay": "no",
        "payment:samsung_pay": "no",
        "phone": "+1 956-381-6674",
        "ref": "429",
        "ref:walmart": "429",
        "sensory_friendly:accommodation": "dimmed_light;static_screens;no_pa",
        "sensory_friendly:conditional": "yes @ 08:00-10:00",
        "shop": "supermarket",
        "source": "Bing",
        "source:name": "survey",
        "website": "https://www.walmart.com/store/429/edinburg-tx"
      },
      "geometry": {
        "type": "Polygon",
        "coordinates": [
          [
            [
              -98.1818701,
              26.3018066
            ],
            [
              -98.1820285,
              26.3009028
            ],
            [
              -98.1814861,
              26.3008264
            ],
            [
              -98.1814685,
              26.3009268
            ],
            [
              -98.1803091,
              26.3007633
            ],
            [
              -98.1802819,
              26.3009185
            ],
            [
              -98.1801978,
              26.3009066
            ],
            [
              -98.1801911,
              26.3009444
            ],
            [
              -98.1800371,
              26.3009227
            ],
            [
              -98.1800109,
              26.3010721
            ],
            [
              -98.1801582,
              26.3010929
            ],
            [
              -98.1801511,
              26.3011333
            ],
            [
              -98.1802527,
              26.3011476
            ],
            [
              -98.1802175,
              26.3013478
            ],
            [
              -98.1799773,
              26.3013139
            ],
            [
              -98.1799088,
              26.3017041
            ],
            [
              -98.1805574,
              26.3017955
            ],
            [
              -98.1805853,
              26.3016363
            ],
            [
              -98.1807559,
              26.3016604
            ],
            [
              -98.1807328,
              26.3017919
            ],
            [
              -98.1815047,
              26.3019007
            ],
            [
              -98.1815296,
              26.3017587
            ],
            [
              -98.1818701,
              26.3018066
            ]
          ]
        ]
      },
      "id": "way/160997147"
    },
    {
      "type": "Feature",
      "properties": {
        "@id": "way/161004166",
        "addr:city": "Edinburg",
        "addr:housename": "Sugar Plaza",
        "addr:housenumber": "1604",
        "addr:postcode": "78539",
        "addr:street": "W University Drive",
        "building": "commercial",
        "name": "Sugar Plaza",
        "source": "Bing"
      },
      "geometry": {
        "type": "Polygon",
        "coordinates": [
          [
            [
              -98.1794698,
              26.3024244
            ],
            [
              -98.1795695,
              26.3018642
            ],
            [
              -98.179327,
              26.3018295
            ],
            [
              -98.1793226,
              26.3018413
            ],
            [
              -98.179253,
              26.301832
            ],
            [
              -98.1792445,
              26.301883
            ],
            [
              -98.1789118,
              26.3018383
            ],
            [
              -98.1788314,
              26.3023188
            ],
            [
              -98.1789473,
              26.3023344
            ],
            [
              -98.1789441,
              26.3023537
            ],
            [
              -98.1791057,
              26.3023755
            ],
            [
              -98.179109,
              26.3023561
            ],
            [
              -98.1792282,
              26.3023721
            ],
            [
              -98.1792287,
              26.302387
            ],
            [
              -98.1794698,
              26.3024244
            ]
          ]
        ]
      },
      "id": "way/161004166"
    },
    {
      "type": "Feature",
      "properties": {
        "@id": "way/161004167",
        "addr:city": "Edinberg",
        "addr:country": "US",
        "addr:housename": "Jack in the Box",
        "addr:housenumber": "1602",
        "addr:postcode": "78539",
        "addr:state": "TX",
        "addr:street": "West University",
        "amenity": "fast_food",
        "brand": "Jack in the Box",
        "brand:wikidata": "Q1538507",
        "building": "yes",
        "cuisine": "burger",
        "drive_through": "yes",
        "name": "Jack in the Box",
        "phone": "+1 956-386-1832",
        "source": "Bing",
        "source:addr": "website",
        "source:name": "survey",
        "takeaway": "yes",
        "website": "https://locations.jackinthebox.com/us/tx/edinburg/1602-w-university-dr"
      },
      "geometry": {
        "type": "Polygon",
        "coordinates": [
          [
            [
              -98.1787158,
              26.3034739
            ],
            [
              -98.17875,
              26.303226
            ],
            [
              -98.1786149,
              26.3032078
            ],
            [
              -98.1785749,
              26.3034594
            ],
            [
              -98.1787158,
              26.3034739
            ]
          ]
        ]
      },
      "id": "way/161004167"
    },
    {
      "type": "Feature",
      "properties": {
        "@id": "way/161004168",
        "building": "commercial",
        "name": "Sugar Plaza",
        "source": "Bing"
      },
      "geometry": {
        "type": "Polygon",
        "coordinates": [
          [
            [
              -98.1794271,
              26.30333
            ],
            [
              -98.1794596,
              26.3031335
            ],
            [
              -98.1791013,
              26.3030868
            ],
            [
              -98.1790694,
              26.3032822
            ],
            [
              -98.1794271,
              26.30333
            ]
          ]
        ]
      },
      "id": "way/161004168"
    },
    {
      "type": "Feature",
      "properties": {
        "@id": "way/161004169",
        "building": "yes",
        "source": "Bing"
      },
      "geometry": {
        "type": "Polygon",
        "coordinates": [
          [
            [
              -98.1810156,
              26.3035331
            ],
            [
              -98.1810411,
              26.303367
            ],
            [
              -98.1809632,
              26.303356
            ],
            [
              -98.1809665,
              26.3033214
            ],
            [
              -98.1805852,
              26.30327
            ],
            [
              -98.1805516,
              26.3034684
            ],
            [
              -98.1810156,
              26.3035331
            ]
          ]
        ]
      },
      "id": "way/161004169"
    },
    {
      "type": "Feature",
      "properties": {
        "@id": "way/161004170",
        "addr:city": "Edinberg",
        "addr:country": "US",
        "addr:housename": "Burger King",
        "addr:housenumber": "1702",
        "addr:postcode": "78539",
        "addr:state": "TX",
        "addr:street": "West University Drive",
        "amenity": "fast_food",
        "brand": "Burger King",
        "brand:wikidata": "Q177054",
        "building": "commercial",
        "cuisine": "burger",
        "drive_through": "yes",
        "internet_access": "wlan",
        "name": "Burger King",
        "opening_hours": "06:00-24:00",
        "phone": "+1 956-318-5130",
        "ref": "9880",
        "source": "Bing",
        "takeaway": "yes",
        "website": "https://www.bk.com/store-locator/store/restaurant_5582"
      },
      "geometry": {
        "type": "Polygon",
        "coordinates": [
          [
            [
              -98.1797843,
              26.3035853
            ],
            [
              -98.1798195,
              26.3033787
            ],
            [
              -98.179831,
              26.3033817
            ],
            [
              -98.1798499,
              26.3032663
            ],
            [
              -98.1797167,
              26.3032488
            ],
            [
              -98.1796643,
              26.3035695
            ],
            [
              -98.1797843,
              26.3035853
            ]
          ]
        ]
      },
      "id": "way/161004170"
    },
    {
      "type": "Feature",
      "properties": {
        "@id": "way/161004171",
        "addr:country": "US",
        "addr:housename": "Schlotzsky's Deli",
        "addr:state": "TX",
        "building": "yes",
        "cuisine": "sandwich",
        "source": "Bing",
        "source:addr": "website",
        "source:name": "survey",
        "source:ref": "website"
      },
      "geometry": {
        "type": "Polygon",
        "coordinates": [
          [
            [
              -98.1801532,
              26.3036073
            ],
            [
              -98.1801597,
              26.303561
            ],
            [
              -98.1801852,
              26.3035632
            ],
            [
              -98.1801884,
              26.3035397
            ],
            [
              -98.1801966,
              26.3035412
            ],
            [
              -98.1802147,
              26.3034214
            ],
            [
              -98.1800999,
              26.3034059
            ],
            [
              -98.1800671,
              26.3035963
            ],
            [
              -98.1801532,
              26.3036073
            ]
          ]
        ]
      },
      "id": "way/161004171"
    },
    {
      "type": "Feature",
      "properties": {
        "@id": "way/161004253",
        "addr:city": "Edinberg",
        "addr:country": "US",
        "addr:state": "TX",
        "addr:street": "South Sugar Road",
        "building": "commercial",
        "source": "Bing"
      },
      "geometry": {
        "type": "Polygon",
        "coordinates": [
          [
            [
              -98.1794959,
              26.3016342
            ],
            [
              -98.1795697,
              26.3012277
            ],
            [
              -98.1792977,
              26.301188
            ],
            [
              -98.1792239,
              26.3015945
            ],
            [
              -98.1794959,
              26.3016342
            ]
          ]
        ]
      },
      "id": "way/161004253"
    },
    {
      "type": "Feature",
      "properties": {
        "@id": "way/161004255",
        "building": "commercial",
        "name": "Westside Plaza",
        "source": "Bing, survey"
      },
      "geometry": {
        "type": "Polygon",
        "coordinates": [
          [
            [
              -98.1832369,
              26.3039065
            ],
            [
              -98.1832636,
              26.3037527
            ],
            [
              -98.1825586,
              26.303655
            ],
            [
              -98.1824879,
              26.3037038
            ],
            [
              -98.1824357,
              26.3039803
            ],
            [
              -98.1826201,
              26.3040042
            ],
            [
              -98.1826502,
              26.3038244
            ],
            [
              -98.1832369,
              26.3039065
            ]
          ]
        ]
      },
      "id": "way/161004255"
    },
    {
      "type": "Feature",
      "properties": {
        "@id": "way/161004959",
        "amenity": "bank",
        "brand": "Bank of America",
        "brand:wikidata": "Q487907",
        "building": "yes",
        "name": "Bank of America",
        "source": "Bing",
        "source:name": "survey",
        "website": "https://locators.bankofamerica.com/tx/edinburg/financial-centers-edinburg-12362.html"
      },
      "geometry": {
        "type": "Polygon",
        "coordinates": [
          [
            [
              -98.1775974,
              26.3031849
            ],
            [
              -98.1776313,
              26.302985
            ],
            [
              -98.1775509,
              26.302974
            ],
            [
              -98.177555,
              26.3029495
            ],
            [
              -98.1775656,
              26.3028871
            ],
            [
              -98.1775697,
              26.3028876
            ],
            [
              -98.1776219,
              26.3028947
            ],
            [
              -98.1776446,
              26.3028978
            ],
            [
              -98.1776547,
              26.3028381
            ],
            [
              -98.1776311,
              26.3028349
            ],
            [
              -98.1775796,
              26.3028279
            ],
            [
              -98.1775282,
              26.3028209
            ],
            [
              -98.1774818,
              26.3028146
            ],
            [
              -98.17744,
              26.3028089
            ],
            [
              -98.1774176,
              26.3028059
            ],
            [
              -98.1774078,
              26.3028634
            ],
            [
              -98.1774305,
              26.3028665
            ],
            [
              -98.1774723,
              26.3028722
            ],
            [
              -98.1774903,
              26.3028746
            ],
            [
              -98.1774796,
              26.3029376
            ],
            [
              -98.1774752,
              26.3029637
            ],
            [
              -98.1773872,
              26.3029518
            ],
            [
              -98.1773534,
              26.3031518
            ],
            [
              -98.1774303,
              26.3031623
            ],
            [
              -98.1774272,
              26.3031803
            ],
            [
              -98.1775207,
              26.303193
            ],
            [
              -98.1775238,
              26.3031749
            ],
            [
              -98.1775974,
              26.3031849
            ]
          ]
        ]
      },
      "id": "way/161004959"
    },
    {
      "type": "Feature",
      "properties": {
        "@id": "way/161004961",
        "addr:city": "Edinburg",
        "addr:housenumber": "1524",
        "addr:postcode": "78539",
        "addr:state": "TX",
        "addr:street": "West University Drive",
        "amenity": "restaurant",
        "brand": "Pizza Hut",
        "brand:wikidata": "Q191615",
        "building": "yes",
        "cuisine": "pizza",
        "name": "Pizza Hut",
        "phone": "+1 956-381-9144",
        "source": "Bing",
        "source:name": "survey",
        "website": "https://locations.pizzahut.com/tx/edinburg/1524-w-university-dr"
      },
      "geometry": {
        "type": "Polygon",
        "coordinates": [
          [
            [
              -98.1782562,
              26.303361
            ],
            [
              -98.1782886,
              26.303171
            ],
            [
              -98.1781148,
              26.303146
            ],
            [
              -98.1780824,
              26.3033272
            ],
            [
              -98.1781377,
              26.3033345
            ],
            [
              -98.1781361,
              26.3033437
            ],
            [
              -98.1782562,
              26.303361
            ]
          ]
        ]
      },
      "id": "way/161004961"
    },
    {
      "type": "Feature",
      "properties": {
        "@id": "way/161004967",
        "building": "yes",
        "source": "Bing"
      },
      "geometry": {
        "type": "Polygon",
        "coordinates": [
          [
            [
              -98.1781885,
              26.3027628
            ],
            [
              -98.1782229,
              26.3025687
            ],
            [
              -98.1779885,
              26.3025353
            ],
            [
              -98.1780051,
              26.3024417
            ],
            [
              -98.1778797,
              26.3024238
            ],
            [
              -98.1778287,
              26.3027114
            ],
            [
              -98.1781885,
              26.3027628
            ]
          ]
        ]
      },
      "id": "way/161004967"
    },
    {
      "type": "Feature",
      "properties": {
        "@id": "way/161006786",
        "building": "commercial",
        "source": "Bing"
      },
      "geometry": {
        "type": "Polygon",
        "coordinates": [
          [
            [
              -98.1812817,
              26.304701
            ],
            [
              -98.1812964,
              26.3045982
            ],
            [
              -98.1810743,
              26.3045688
            ],
            [
              -98.1810579,
              26.3046702
            ],
            [
              -98.1812817,
              26.304701
            ]
          ]
        ]
      },
      "id": "way/161006786"
    },
    {
      "type": "Feature",
      "properties": {
        "@id": "way/161006807",
        "addr:city": "Edinburg",
        "addr:state": "TX",
        "addr:street": "West University Drive",
        "building": "yes",
        "name": "University Plaza",
        "source": "Bing"
      },
      "geometry": {
        "type": "Polygon",
        "coordinates": [
          [
            [
              -98.1789214,
              26.3045362
            ],
            [
              -98.1789446,
              26.304398
            ],
            [
              -98.1783189,
              26.3043137
            ],
            [
              -98.1782957,
              26.3044519
            ],
            [
              -98.1789214,
              26.3045362
            ]
          ]
        ]
      },
      "id": "way/161006807"
    },
    {
      "type": "Feature",
      "properties": {
        "@id": "way/161006808",
        "building": "yes",
        "source": "Bing"
      },
      "geometry": {
        "type": "Polygon",
        "coordinates": [
          [
            [
              -98.1797314,
              26.3046584
            ],
            [
              -98.1797683,
              26.3044548
            ],
            [
              -98.1792028,
              26.3043725
            ],
            [
              -98.1791659,
              26.3045761
            ],
            [
              -98.1797314,
              26.3046584
            ]
          ]
        ]
      },
      "id": "way/161006808"
    },
    {
      "type": "Feature",
      "properties": {
        "@id": "way/161006809",
        "addr:housenumber": "1750",
        "amenity": "car_wash",
        "building": "yes",
        "name": "Fast Track Laser Car Wash",
        "source": "Bing"
      },
      "geometry": {
        "type": "Polygon",
        "coordinates": [
          [
            [
              -98.1805889,
              26.304571
            ],
            [
              -98.1806086,
              26.3044607
            ],
            [
              -98.1805615,
              26.3044541
            ],
            [
              -98.1804908,
              26.3044443
            ],
            [
              -98.1804717,
              26.3044416
            ],
            [
              -98.1804537,
              26.3045519
            ],
            [
              -98.1804731,
              26.3045546
            ],
            [
              -98.1805462,
              26.304565
            ],
            [
              -98.1805889,
              26.304571
            ]
          ]
        ]
      },
      "id": "way/161006809"
    },
    {
      "type": "Feature",
      "properties": {
        "@id": "way/161006810",
        "building": "yes",
        "source": "Bing"
      },
      "geometry": {
        "type": "Polygon",
        "coordinates": [
          [
            [
              -98.1809272,
              26.3046432
            ],
            [
              -98.1809527,
              26.304505
            ],
            [
              -98.1806849,
              26.3044686
            ],
            [
              -98.1806675,
              26.3045757
            ],
            [
              -98.1806976,
              26.304611
            ],
            [
              -98.1809272,
              26.3046432
            ]
          ]
        ]
      },
      "id": "way/161006810"
    },
    {
      "type": "Feature",
      "properties": {
        "@id": "way/161006811",
        "building": "commercial"
      },
      "geometry": {
        "type": "Polygon",
        "coordinates": [
          [
            [
              -98.1791534,
              26.304441
            ],
            [
              -98.1791734,
              26.3043209
            ],
            [
              -98.1790355,
              26.3043025
            ],
            [
              -98.1790156,
              26.3044226
            ],
            [
              -98.1790383,
              26.3044256
            ],
            [
              -98.1790277,
              26.3044897
            ],
            [
              -98.179126,
              26.3045028
            ],
            [
              -98.1791367,
              26.3044387
            ],
            [
              -98.1791534,
              26.304441
            ]
          ]
        ]
      },
      "id": "way/161006811"
    },
    {
      "type": "Feature",
      "properties": {
        "@id": "way/161074302",
        "addr:city": "Edinbug",
        "addr:country": "US",
        "addr:housename": "El Pato",
        "addr:housenumber": "1100",
        "addr:postcode": "78539",
        "addr:state": "TX",
        "addr:street": "West University Drive",
        "amenity": "fast_food",
        "building": "commercial",
        "cuisine": "mexican",
        "name": "El Pato",
        "phone": "+1 956-383-0725",
        "website": "https://www.elpatomexicanfood.com/locations.php"
      },
      "geometry": {
        "type": "Polygon",
        "coordinates": [
          [
            [
              -98.1742632,
              26.3027255
            ],
            [
              -98.1742803,
              26.3026155
            ],
            [
              -98.1740277,
              26.3025793
            ],
            [
              -98.1740261,
              26.3026011
            ],
            [
              -98.174008,
              26.3026062
            ],
            [
              -98.173994,
              26.3026202
            ],
            [
              -98.1739919,
              26.3026406
            ],
            [
              -98.1739987,
              26.3026545
            ],
            [
              -98.174009,
              26.3026661
            ],
            [
              -98.1740059,
              26.3026902
            ],
            [
              -98.1740841,
              26.3027014
            ],
            [
              -98.174096,
              26.3027139
            ],
            [
              -98.174112,
              26.3027209
            ],
            [
              -98.1741322,
              26.3027181
            ],
            [
              -98.1741431,
              26.3027093
            ],
            [
              -98.1742632,
              26.3027255
            ]
          ]
        ]
      },
      "id": "way/161074302"
    },
    {
      "type": "Feature",
      "properties": {
        "@id": "way/161129440",
        "addr:city": "Edinberg",
        "addr:country": "US",
        "addr:housename": "First Lutheran Church",
        "addr:housenumber": "302",
        "addr:postcode": "78539",
        "addr:state": "TX",
        "addr:street": "South Sugar Road",
        "building": "church",
        "denomination": "lutheran",
        "name": "First Lutheran Church",
        "religion": "christian",
        "source": "Bing, survey"
      },
      "geometry": {
        "type": "Polygon",
        "coordinates": [
          [
            [
              -98.1783636,
              26.3011286
            ],
            [
              -98.1783893,
              26.3009707
            ],
            [
              -98.1781389,
              26.3009379
            ],
            [
              -98.1780998,
              26.3011781
            ],
            [
              -98.1782202,
              26.3011939
            ],
            [
              -98.1782336,
              26.3011116
            ],
            [
              -98.1783636,
              26.3011286
            ]
          ]
        ]
      },
      "id": "way/161129440"
    },
    {
      "type": "Feature",
      "properties": {
        "@id": "way/161129441",
        "building": "church"
      },
      "geometry": {
        "type": "Polygon",
        "coordinates": [
          [
            [
              -98.1779183,
              26.3015684
            ],
            [
              -98.1779306,
              26.3014861
            ],
            [
              -98.1776994,
              26.3014543
            ],
            [
              -98.1776908,
              26.3015355
            ],
            [
              -98.1779183,
              26.3015684
            ]
          ]
        ]
      },
      "id": "way/161129441"
    },
    {
      "type": "Feature",
      "properties": {
        "@id": "way/161129442",
        "building": "church"
      },
      "geometry": {
        "type": "Polygon",
        "coordinates": [
          [
            [
              -98.1783098,
              26.3015278
            ],
            [
              -98.1780602,
              26.3014916
            ],
            [
              -98.1780541,
              26.3015113
            ],
            [
              -98.1780235,
              26.3015091
            ],
            [
              -98.178015,
              26.3015738
            ],
            [
              -98.1782963,
              26.3016155
            ],
            [
              -98.1783098,
              26.3015278
            ]
          ]
        ]
      },
      "id": "way/161129442"
    },
    {
      "type": "Feature",
      "properties": {
        "@id": "way/161190935",
        "amenity": "bank",
        "brand": "Chase",
        "brand:wikidata": "Q524629",
        "building": "yes",
        "check_date": "2024-09-17",
        "check_date:opening_hours": "2024-09-17",
        "name": "Chase",
        "opening_hours": "Mo-Fr 09:00-17:00; Sa 09:00-14:00; Su closed",
        "phone": "+1 956-318-0189",
        "source": "Bing, survey",
        "website": "https://locator.chase.com/tx/edinburg/1801-w-university-dr"
      },
      "geometry": {
        "type": "Polygon",
        "coordinates": [
          [
            [
              -98.1817526,
              26.3048826
            ],
            [
              -98.1817776,
              26.3047135
            ],
            [
              -98.1815986,
              26.3046945
            ],
            [
              -98.1815736,
              26.3048585
            ],
            [
              -98.1817526,
              26.3048826
            ]
          ]
        ]
      },
      "id": "way/161190935"
    },
    {
      "type": "Feature",
      "properties": {
        "@id": "way/161202616",
        "brand": "Stripes",
        "brand:wikidata": "Q7624135",
        "building": "yes",
        "name": "Stripes",
        "shop": "convenience",
        "website": "https://stripesstores.com/locator/detail/9648"
      },
      "geometry": {
        "type": "Polygon",
        "coordinates": [
          [
            [
              -98.1705862,
              26.3021832
            ],
            [
              -98.1706061,
              26.3020589
            ],
            [
              -98.1704165,
              26.3020345
            ],
            [
              -98.1703966,
              26.3021588
            ],
            [
              -98.1705862,
              26.3021832
            ]
          ]
        ]
      },
      "id": "way/161202616"
    },
    {
      "type": "Feature",
      "properties": {
        "@id": "way/161207315",
        "addr:city": "Edinberg",
        "addr:country": "US",
        "addr:housename": "Region 1 ERC",
        "addr:housenumber": "1900",
        "addr:postcode": "78539",
        "addr:state": "TX",
        "addr:street": "West Schunior Street",
        "building": "yes",
        "landuse": "commercial",
        "name": "Region 1 Education Service Center",
        "source": "Bing",
        "source:addr": "website",
        "source:name": "website, survey",
        "source:ref": "website",
        "website": "https://www.esc1.net/"
      },
      "geometry": {
        "type": "Polygon",
        "coordinates": [
          [
            [
              -98.1833763,
              26.3107146
            ],
            [
              -98.1832924,
              26.3105844
            ],
            [
              -98.1833039,
              26.3105085
            ],
            [
              -98.1833193,
              26.3105085
            ],
            [
              -98.1833251,
              26.3104343
            ],
            [
              -98.1832019,
              26.3104188
            ],
            [
              -98.1832057,
              26.3103946
            ],
            [
              -98.183071,
              26.3103791
            ],
            [
              -98.1830633,
              26.3104015
            ],
            [
              -98.1829362,
              26.3103843
            ],
            [
              -98.1829324,
              26.310405
            ],
            [
              -98.1824973,
              26.3103359
            ],
            [
              -98.1824992,
              26.3103101
            ],
            [
              -98.1824241,
              26.3102962
            ],
            [
              -98.1824164,
              26.3103256
            ],
            [
              -98.1820872,
              26.3102738
            ],
            [
              -98.1820872,
              26.3102548
            ],
            [
              -98.1820141,
              26.3102462
            ],
            [
              -98.1820102,
              26.3102583
            ],
            [
              -98.1819313,
              26.3102479
            ],
            [
              -98.1818697,
              26.3106172
            ],
            [
              -98.1818062,
              26.3106086
            ],
            [
              -98.1817349,
              26.311009
            ],
            [
              -98.1819371,
              26.3110314
            ],
            [
              -98.1819352,
              26.3110573
            ],
            [
              -98.1820718,
              26.3110711
            ],
            [
              -98.1820795,
              26.3110279
            ],
            [
              -98.1821257,
              26.3110331
            ],
            [
              -98.1821604,
              26.310845
            ],
            [
              -98.1822259,
              26.3108519
            ],
            [
              -98.1822355,
              26.3107743
            ],
            [
              -98.1822605,
              26.310776
            ],
            [
              -98.1822682,
              26.3107311
            ],
            [
              -98.1823067,
              26.3107139
            ],
            [
              -98.1823529,
              26.3107173
            ],
            [
              -98.1824453,
              26.3107294
            ],
            [
              -98.1824395,
              26.3107794
            ],
            [
              -98.1827341,
              26.3108191
            ],
            [
              -98.182761,
              26.310845
            ],
            [
              -98.1827995,
              26.3108588
            ],
            [
              -98.18284,
              26.3108502
            ],
            [
              -98.1828592,
              26.3108295
            ],
            [
              -98.1829824,
              26.3108467
            ],
            [
              -98.1829882,
              26.3108157
            ],
            [
              -98.1830363,
              26.3108226
            ],
            [
              -98.1830325,
              26.3108536
            ],
            [
              -98.1831114,
              26.3108657
            ],
            [
              -98.1831076,
              26.3108951
            ],
            [
              -98.1831807,
              26.3109037
            ],
            [
              -98.1831788,
              26.3109348
            ],
            [
              -98.1833674,
              26.3109624
            ],
            [
              -98.1833636,
              26.31099
            ],
            [
              -98.1835099,
              26.3110124
            ],
            [
              -98.1835664,
              26.3107206
            ],
            [
              -98.183481,
              26.310733
            ],
            [
              -98.1834507,
              26.3107279
            ],
            [
              -98.1833763,
              26.3107146
            ]
          ]
        ]
      },
      "id": "way/161207315"
    },
    {
      "type": "Feature",
      "properties": {
        "@id": "way/161925305",
        "amenity": "school",
        "building": "school",
        "ele": "30",
        "gnis:feature_id": "2003684"
      },
      "geometry": {
        "type": "Polygon",
        "coordinates": [
          [
            [
              -98.1783964,
              26.2992546
            ],
            [
              -98.1785577,
              26.2984083
            ],
            [
              -98.1777126,
              26.2982897
            ],
            [
              -98.1775423,
              26.299264
            ],
            [
              -98.1778688,
              26.2993068
            ],
            [
              -98.1778965,
              26.2991812
            ],
            [
              -98.1783964,
              26.2992546
            ]
          ]
        ]
      },
      "id": "way/161925305"
    },
    {
      "type": "Feature",
      "properties": {
        "@id": "way/161925310",
        "building": "school"
      },
      "geometry": {
        "type": "Polygon",
        "coordinates": [
          [
            [
              -98.1784114,
              26.2995898
            ],
            [
              -98.1784567,
              26.2993317
            ],
            [
              -98.1779795,
              26.2992695
            ],
            [
              -98.1779422,
              26.2995324
            ],
            [
              -98.1784114,
              26.2995898
            ]
          ]
        ]
      },
      "id": "way/161925310"
    },
    {
      "type": "Feature",
      "properties": {
        "@id": "way/162031052",
        "amenity": "courthouse",
        "building": "government",
        "ele": "29",
        "gnis:feature_id": "2335083",
        "is_in:state_code": "TX",
        "name": "Hidalgo County Courthouse",
        "source": "Bing, survey"
      },
      "geometry": {
        "type": "Polygon",
        "coordinates": [
          [
            [
              -98.1630968,
              26.3018065
            ],
            [
              -98.1631412,
              26.3015496
            ],
            [
              -98.1632768,
              26.3015684
            ],
            [
              -98.1632968,
              26.3014526
            ],
            [
              -98.1631897,
              26.3014377
            ],
            [
              -98.1632722,
              26.3009596
            ],
            [
              -98.1629571,
              26.3009159
            ],
            [
              -98.1628746,
              26.301394
            ],
            [
              -98.1626602,
              26.3013643
            ],
            [
              -98.1626139,
              26.3016323
            ],
            [
              -98.162524,
              26.3016199
            ],
            [
              -98.1624842,
              26.3018506
            ],
            [
              -98.1626783,
              26.3018775
            ],
            [
              -98.1627,
              26.3017515
            ],
            [
              -98.1630968,
              26.3018065
            ]
          ]
        ]
      },
      "id": "way/162031052"
    },
    {
      "type": "Feature",
      "properties": {
        "@id": "way/162034282",
        "amenity": "bank",
        "building": "yes",
        "name": "Elsa State Bank & Trust",
        "source": "Bing, survey"
      },
      "geometry": {
        "type": "Polygon",
        "coordinates": [
          [
            [
              -98.1688263,
              26.3029183
            ],
            [
              -98.1688643,
              26.3026968
            ],
            [
              -98.1686648,
              26.3026642
            ],
            [
              -98.1686189,
              26.3028856
            ],
            [
              -98.1686711,
              26.3028984
            ],
            [
              -98.168641,
              26.3030617
            ],
            [
              -98.1687487,
              26.3030787
            ],
            [
              -98.1687788,
              26.3029126
            ],
            [
              -98.1688263,
              26.3029183
            ]
          ]
        ]
      },
      "id": "way/162034282"
    },
    {
      "type": "Feature",
      "properties": {
        "@id": "way/162034288",
        "building": "commercial",
        "name": "Pueblo Tires",
        "source": "Bing, survey"
      },
      "geometry": {
        "type": "Polygon",
        "coordinates": [
          [
            [
              -98.1688369,
              26.3019654
            ],
            [
              -98.1689176,
              26.3013962
            ],
            [
              -98.1687347,
              26.3013728
            ],
            [
              -98.1686445,
              26.3019427
            ],
            [
              -98.1688369,
              26.3019654
            ]
          ]
        ]
      },
      "id": "way/162034288"
    },
    {
      "type": "Feature",
      "properties": {
        "@id": "way/162034310",
        "building": "yes",
        "name": "Edinburg Chamber of Commerce Visitor's Center"
      },
      "geometry": {
        "type": "Polygon",
        "coordinates": [
          [
            [
              -98.1684539,
              26.3018016
            ],
            [
              -98.168492,
              26.3015456
            ],
            [
              -98.1684528,
              26.3015401
            ],
            [
              -98.1684718,
              26.3014197
            ],
            [
              -98.1683784,
              26.3014086
            ],
            [
              -98.1683582,
              26.3015271
            ],
            [
              -98.1683414,
              26.3015271
            ],
            [
              -98.1683162,
              26.3017107
            ],
            [
              -98.1683324,
              26.3017128
            ],
            [
              -98.1683229,
              26.301783
            ],
            [
              -98.1684539,
              26.3018016
            ]
          ]
        ]
      },
      "id": "way/162034310"
    },
    {
      "type": "Feature",
      "properties": {
        "@id": "way/162034976",
        "building": "church",
        "denomination": "catholic",
        "name": "Divine Mercy Catholic Church",
        "source": "Bing, survey"
      },
      "geometry": {
        "type": "Polygon",
        "coordinates": [
          [
            [
              -98.1652347,
              26.3002332
            ],
            [
              -98.1651022,
              26.3002162
            ],
            [
              -98.1650481,
              26.300556
            ],
            [
              -98.1651805,
              26.3005729
            ],
            [
              -98.1652347,
              26.3002332
            ]
          ]
        ]
      },
      "id": "way/162034976"
    },
    {
      "type": "Feature",
      "properties": {
        "@id": "way/162034977",
        "addr:city": "Edinbug",
        "addr:postcode": "78539",
        "addr:state": "TX",
        "addr:street": "West University Drive",
        "building": "commercial",
        "name": "Edinburg Teacher's Credit Union",
        "source": "Bing, survey"
      },
      "geometry": {
        "type": "Polygon",
        "coordinates": [
          [
            [
              -98.1717049,
              26.302511
            ],
            [
              -98.1717273,
              26.3023715
            ],
            [
              -98.171804,
              26.3023814
            ],
            [
              -98.1718156,
              26.3023089
            ],
            [
              -98.171739,
              26.3022991
            ],
            [
              -98.1717352,
              26.302247
            ],
            [
              -98.1717273,
              26.30223
            ],
            [
              -98.1717117,
              26.3022119
            ],
            [
              -98.1716926,
              26.3022029
            ],
            [
              -98.1715975,
              26.3021908
            ],
            [
              -98.1715493,
              26.3024911
            ],
            [
              -98.1717049,
              26.302511
            ]
          ]
        ]
      },
      "id": "way/162034977"
    },
    {
      "type": "Feature",
      "properties": {
        "@id": "way/162034978",
        "addr:city": "Edinberg",
        "addr:country": "US",
        "addr:housenumber": "501",
        "addr:state": "TX",
        "addr:street": "West University Drive",
        "building": "yes",
        "name": "El Jinete Drive Through",
        "phone": "+1 956-383-6100",
        "source": "Bing, survey"
      },
      "geometry": {
        "type": "Polygon",
        "coordinates": [
          [
            [
              -98.1670772,
              26.3023011
            ],
            [
              -98.166935,
              26.302278
            ],
            [
              -98.1669037,
              26.3024426
            ],
            [
              -98.1669989,
              26.3024567
            ],
            [
              -98.1669899,
              26.3025099
            ],
            [
              -98.1670425,
              26.3025159
            ],
            [
              -98.1670772,
              26.3023011
            ]
          ]
        ]
      },
      "id": "way/162034978"
    },
    {
      "type": "Feature",
      "properties": {
        "@id": "way/162034979",
        "building": "commercial",
        "name": "First Cash Pawn",
        "source": "Bing, survey"
      },
      "geometry": {
        "type": "Polygon",
        "coordinates": [
          [
            [
              -98.170854,
              26.3024618
            ],
            [
              -98.170873,
              26.3023283
            ],
            [
              -98.1708025,
              26.3023193
            ],
            [
              -98.1707778,
              26.3024548
            ],
            [
              -98.170854,
              26.3024618
            ]
          ]
        ]
      },
      "id": "way/162034979"
    },
    {
      "type": "Feature",
      "properties": {
        "@id": "way/162034980",
        "addr:city": "Edinbug",
        "addr:postcode": "78539",
        "addr:state": "TX",
        "addr:street": "West University Drive",
        "brand": "H&R Block",
        "brand:wikidata": "Q5627799",
        "building": "yes",
        "name": "H&R Block",
        "office": "tax_advisor",
        "source": "Bing, survey"
      },
      "geometry": {
        "type": "Polygon",
        "coordinates": [
          [
            [
              -98.1720944,
              26.3026058
            ],
            [
              -98.1722083,
              26.3026221
            ],
            [
              -98.1722505,
              26.3023812
            ],
            [
              -98.1721371,
              26.302365
            ],
            [
              -98.1720944,
              26.3026058
            ]
          ]
        ]
      },
      "id": "way/162034980"
    },
    {
      "type": "Feature",
      "properties": {
        "@id": "way/162034981",
        "amenity": "public_building",
        "building": "yes",
        "name": "Hidalgo County Election Administration",
        "source": "Bing, survey"
      },
      "geometry": {
        "type": "Polygon",
        "coordinates": [
          [
            [
              -98.1640529,
              26.3013819
            ],
            [
              -98.1640776,
              26.3012524
            ],
            [
              -98.1640328,
              26.3012464
            ],
            [
              -98.1640417,
              26.3011932
            ],
            [
              -98.1639745,
              26.3011822
            ],
            [
              -98.1639969,
              26.3010637
            ],
            [
              -98.1641324,
              26.3010818
            ],
            [
              -98.1641425,
              26.3010135
            ],
            [
              -98.16382,
              26.3009673
            ],
            [
              -98.1637383,
              26.3014281
            ],
            [
              -98.1638435,
              26.3014401
            ],
            [
              -98.1638559,
              26.3013568
            ],
            [
              -98.1640529,
              26.3013819
            ]
          ]
        ]
      },
      "id": "way/162034981"
    },
    {
      "type": "Feature",
      "properties": {
        "@id": "way/162034982",
        "building": "commercial",
        "name": "Lone Star National Bank",
        "source": "Bing, survey"
      },
      "geometry": {
        "type": "Polygon",
        "coordinates": [
          [
            [
              -98.1642652,
              26.300979
            ],
            [
              -98.1642921,
              26.3008228
            ],
            [
              -98.1640649,
              26.3007902
            ],
            [
              -98.1640364,
              26.3009534
            ],
            [
              -98.1642652,
              26.300979
            ]
          ]
        ]
      },
      "id": "way/162034982"
    },
    {
      "type": "Feature",
      "properties": {
        "@id": "way/162034983",
        "addr:city": "Edinburg",
        "addr:postcode": "78539",
        "addr:state": "TX",
        "addr:street": "West University Drive",
        "amenity": "fast_food",
        "building": "commercial",
        "cuisine": "chinese",
        "name": "Quick Wok",
        "source": "Bing, survey"
      },
      "geometry": {
        "type": "Polygon",
        "coordinates": [
          [
            [
              -98.1672382,
              26.3025879
            ],
            [
              -98.1672662,
              26.3024193
            ],
            [
              -98.1671542,
              26.3024042
            ],
            [
              -98.1671272,
              26.3025733
            ],
            [
              -98.1672382,
              26.3025879
            ]
          ]
        ]
      },
      "id": "way/162034983"
    },
    {
      "type": "Feature",
      "properties": {
        "@id": "way/162034984",
        "addr:city": "Edinbug",
        "addr:housenumber": "102",
        "addr:postcode": "78539",
        "addr:state": "TX",
        "addr:street": "West University Drive",
        "amenity": "fast_food",
        "brand": "Subway",
        "brand:wikidata": "Q244457",
        "building": "retail",
        "cuisine": "sandwich",
        "name": "Subway",
        "opening_hours": "09:00-22:00",
        "phone": "+1 956-380-2625",
        "source": "Bing, survey",
        "takeaway": "yes",
        "website": "https://restaurants.subway.com/united-states/tx/edinburg/102-s-2nd-st"
      },
      "geometry": {
        "type": "Polygon",
        "coordinates": [
          [
            [
              -98.1721248,
              26.3023845
            ],
            [
              -98.1721383,
              26.3023143
            ],
            [
              -98.1720292,
              26.3022973
            ],
            [
              -98.1719188,
              26.3022801
            ],
            [
              -98.1719054,
              26.3023554
            ],
            [
              -98.1720158,
              26.30237
            ],
            [
              -98.1721248,
              26.3023845
            ]
          ]
        ]
      },
      "id": "way/162034984"
    },
    {
      "type": "Feature",
      "properties": {
        "@id": "way/162034985",
        "building": "commercial",
        "name": "Valley Land Title Company",
        "source": "Bing, survey"
      },
      "geometry": {
        "type": "Polygon",
        "coordinates": [
          [
            [
              -98.164699,
              26.3009403
            ],
            [
              -98.1647314,
              26.3007767
            ],
            [
              -98.1645277,
              26.3007506
            ],
            [
              -98.1645008,
              26.3009132
            ],
            [
              -98.164699,
              26.3009403
            ]
          ]
        ]
      },
      "id": "way/162034985"
    },
    {
      "type": "Feature",
      "properties": {
        "@id": "way/235015875",
        "building": "university",
        "name": "Behavioral Neurosciences",
        "short_name": "EBNSB"
      },
      "geometry": {
        "type": "Polygon",
        "coordinates": [
          [
            [
              -98.1751183,
              26.3078809
            ],
            [
              -98.1751165,
              26.3078496
            ],
            [
              -98.1751059,
              26.3076599
            ],
            [
              -98.1751007,
              26.3075674
            ],
            [
              -98.1750641,
              26.3075691
            ],
            [
              -98.1750635,
              26.3075581
            ],
            [
              -98.1750411,
              26.3075591
            ],
            [
              -98.1750187,
              26.3075601
            ],
            [
              -98.1750193,
              26.3075711
            ],
            [
              -98.1749812,
              26.3075728
            ],
            [
              -98.1749979,
              26.3078721
            ],
            [
              -98.1749987,
              26.3078863
            ],
            [
              -98.1750573,
              26.3078836
            ],
            [
              -98.1751183,
              26.3078809
            ]
          ]
        ]
      },
      "id": "way/235015875"
    },
    {
      "type": "Feature",
      "properties": {
        "@id": "way/235015877",
        "building": "university",
        "name": "Engineering",
        "short_name": "EENGR"
      },
      "geometry": {
        "type": "Polygon",
        "coordinates": [
          [
            [
              -98.1722947,
              26.305707
            ],
            [
              -98.172308,
              26.3057064
            ],
            [
              -98.1723062,
              26.3056755
            ],
            [
              -98.1721357,
              26.3056832
            ],
            [
              -98.1721309,
              26.305598
            ],
            [
              -98.1722099,
              26.3055944
            ],
            [
              -98.1722097,
              26.3055918
            ],
            [
              -98.1722082,
              26.3055638
            ],
            [
              -98.1722018,
              26.3054521
            ],
            [
              -98.172161,
              26.3054539
            ],
            [
              -98.1721577,
              26.3053955
            ],
            [
              -98.1721985,
              26.3053937
            ],
            [
              -98.172191,
              26.3052595
            ],
            [
              -98.1715865,
              26.3052869
            ],
            [
              -98.1716055,
              26.3056219
            ],
            [
              -98.1719751,
              26.3056051
            ],
            [
              -98.17198,
              26.3056903
            ],
            [
              -98.1713291,
              26.3057199
            ],
            [
              -98.1713269,
              26.3057135
            ],
            [
              -98.1713128,
              26.3057021
            ],
            [
              -98.1712942,
              26.3056986
            ],
            [
              -98.1712762,
              26.3057038
            ],
            [
              -98.1712635,
              26.3057164
            ],
            [
              -98.1712619,
              26.3057229
            ],
            [
              -98.1711525,
              26.3057279
            ],
            [
              -98.171164,
              26.3059321
            ],
            [
              -98.1720004,
              26.3058941
            ],
            [
              -98.1719978,
              26.3058474
            ],
            [
              -98.1720452,
              26.3058452
            ],
            [
              -98.1720908,
              26.3058432
            ],
            [
              -98.1720935,
              26.3058899
            ],
            [
              -98.1721306,
              26.3058882
            ],
            [
              -98.17213,
              26.3058782
            ],
            [
              -98.172157,
              26.3059
            ],
            [
              -98.1721936,
              26.3059147
            ],
            [
              -98.1722335,
              26.3059186
            ],
            [
              -98.1722665,
              26.3059132
            ],
            [
              -98.1722967,
              26.3059003
            ],
            [
              -98.1723222,
              26.3058809
            ],
            [
              -98.1723413,
              26.3058562
            ],
            [
              -98.1723525,
              26.3058279
            ],
            [
              -98.1723552,
              26.305798
            ],
            [
              -98.1723492,
              26.3057684
            ],
            [
              -98.1723348,
              26.3057413
            ],
            [
              -98.1723131,
              26.3057184
            ],
            [
              -98.1722947,
              26.305707
            ]
          ]
        ]
      },
      "id": "way/235015877"
    },
    {
      "type": "Feature",
      "properties": {
        "@id": "way/235015878",
        "building": "university",
        "building:levels": "2",
        "name": "Performing Arts Complex B",
        "short_name": "EPACB"
      },
      "geometry": {
        "type": "Polygon",
        "coordinates": [
          [
            [
              -98.1728422,
              26.3038879
            ],
            [
              -98.1728464,
              26.3038942
            ],
            [
              -98.1728531,
              26.3038983
            ],
            [
              -98.1728611,
              26.3038996
            ],
            [
              -98.1728724,
              26.3038958
            ],
            [
              -98.1728789,
              26.3038867
            ],
            [
              -98.1728769,
              26.3038403
            ],
            [
              -98.1730792,
              26.3038333
            ],
            [
              -98.1730798,
              26.3038486
            ],
            [
              -98.173054,
              26.3038748
            ],
            [
              -98.1730525,
              26.3038855
            ],
            [
              -98.1730585,
              26.3038949
            ],
            [
              -98.1730656,
              26.3038984
            ],
            [
              -98.1730737,
              26.303899
            ],
            [
              -98.1730813,
              26.3038965
            ],
            [
              -98.1731072,
              26.3038704
            ],
            [
              -98.1731293,
              26.3038696
            ],
            [
              -98.1731373,
              26.3040538
            ],
            [
              -98.1730902,
              26.3040554
            ],
            [
              -98.1730805,
              26.3040619
            ],
            [
              -98.1730771,
              26.3040723
            ],
            [
              -98.1730792,
              26.3040793
            ],
            [
              -98.1730843,
              26.304085
            ],
            [
              -98.1730916,
              26.3040882
            ],
            [
              -98.1731387,
              26.3040866
            ],
            [
              -98.173142,
              26.3041635
            ],
            [
              -98.1731655,
              26.3041627
            ],
            [
              -98.1731904,
              26.3041618
            ],
            [
              -98.1731886,
              26.3041187
            ],
            [
              -98.1733003,
              26.3041148
            ],
            [
              -98.1733012,
              26.3041354
            ],
            [
              -98.1733349,
              26.3041342
            ],
            [
              -98.173331,
              26.3040447
            ],
            [
              -98.1733039,
              26.3040456
            ],
            [
              -98.1732894,
              26.30371
            ],
            [
              -98.1733099,
              26.3037093
            ],
            [
              -98.1733082,
              26.3036706
            ],
            [
              -98.1732009,
              26.3036743
            ],
            [
              -98.1732015,
              26.3036877
            ],
            [
              -98.1731547,
              26.3036893
            ],
            [
              -98.1731525,
              26.3036386
            ],
            [
              -98.1731483,
              26.3036324
            ],
            [
              -98.1731416,
              26.3036282
            ],
            [
              -98.1731336,
              26.3036269
            ],
            [
              -98.1731224,
              26.3036308
            ],
            [
              -98.1731159,
              26.3036399
            ],
            [
              -98.1731181,
              26.3036906
            ],
            [
              -98.1728265,
              26.3037007
            ],
            [
              -98.1728259,
              26.3036859
            ],
            [
              -98.1727887,
              26.3036872
            ],
            [
              -98.1727907,
              26.3037339
            ],
            [
              -98.1728035,
              26.3037334
            ],
            [
              -98.1728054,
              26.3037775
            ],
            [
              -98.1727842,
              26.3037782
            ],
            [
              -98.1727852,
              26.3038021
            ],
            [
              -98.1728329,
              26.3038005
            ],
            [
              -98.1728347,
              26.3038418
            ],
            [
              -98.1728402,
              26.3038416
            ],
            [
              -98.1728422,
              26.3038879
            ]
          ]
        ]
      },
      "id": "way/235015878"
    },
    {
      "type": "Feature",
      "properties": {
        "@id": "way/235015879",
        "building": "university",
        "name": "Performing Arts Complex C",
        "short_name": "EPACC"
      },
      "geometry": {
        "type": "Polygon",
        "coordinates": [
          [
            [
              -98.1732461,
              26.304379
            ],
            [
              -98.1732363,
              26.3042101
            ],
            [
              -98.1726823,
              26.3042359
            ],
            [
              -98.1726921,
              26.3044049
            ],
            [
              -98.1729675,
              26.304392
            ],
            [
              -98.1732461,
              26.304379
            ]
          ]
        ]
      },
      "id": "way/235015879"
    },
    {
      "type": "Feature",
      "properties": {
        "@id": "way/235015881",
        "building": "university",
        "name": "Health & Physical Education II",
        "short_name": "EHPE2"
      },
      "geometry": {
        "type": "Polygon",
        "coordinates": [
          [
            [
              -98.1707041,
              26.3058801
            ],
            [
              -98.1707479,
              26.3056368
            ],
            [
              -98.1704893,
              26.3055994
            ],
            [
              -98.1705567,
              26.3052246
            ],
            [
              -98.1701292,
              26.3051628
            ],
            [
              -98.1700662,
              26.3055131
            ],
            [
              -98.1700618,
              26.3055377
            ],
            [
              -98.1698234,
              26.3055032
            ],
            [
              -98.1697845,
              26.3057192
            ],
            [
              -98.1697796,
              26.3057465
            ],
            [
              -98.169831,
              26.305754
            ],
            [
              -98.1698111,
              26.3058647
            ],
            [
              -98.1699842,
              26.3058897
            ],
            [
              -98.1699808,
              26.3059085
            ],
            [
              -98.1699682,
              26.3059067
            ],
            [
              -98.169948,
              26.3060193
            ],
            [
              -98.1704485,
              26.3060916
            ],
            [
              -98.1704687,
              26.305979
            ],
            [
              -98.1704559,
              26.3059771
            ],
            [
              -98.1704593,
              26.3059583
            ],
            [
              -98.1705385,
              26.3059698
            ],
            [
              -98.1705351,
              26.3059886
            ],
            [
              -98.1706289,
              26.3060021
            ],
            [
              -98.1706521,
              26.3058726
            ],
            [
              -98.1707041,
              26.3058801
            ]
          ]
        ]
      },
      "id": "way/235015881"
    },
    {
      "type": "Feature",
      "properties": {
        "@id": "way/235015882",
        "building": "university",
        "name": "International Trade & Technology",
        "short_name": "EITTB"
      },
      "geometry": {
        "type": "Polygon",
        "coordinates": [
          [
            [
              -98.1697093,
              26.304843
            ],
            [
              -98.169751,
              26.3046089
            ],
            [
              -98.169733,
              26.3046064
            ],
            [
              -98.1697354,
              26.3045932
            ],
            [
              -98.1697323,
              26.3045857
            ],
            [
              -98.1697252,
              26.3045807
            ],
            [
              -98.1696165,
              26.3045652
            ],
            [
              -98.169608,
              26.3045679
            ],
            [
              -98.1696025,
              26.3045743
            ],
            [
              -98.1696022,
              26.3045761
            ],
            [
              -98.1695799,
              26.304573
            ],
            [
              -98.1695865,
              26.3045361
            ],
            [
              -98.1692931,
              26.3044941
            ],
            [
              -98.1692865,
              26.304531
            ],
            [
              -98.1692605,
              26.3045273
            ],
            [
              -98.1692608,
              26.3045254
            ],
            [
              -98.1692578,
              26.3045178
            ],
            [
              -98.1692507,
              26.3045128
            ],
            [
              -98.1691265,
              26.3044951
            ],
            [
              -98.169118,
              26.3044978
            ],
            [
              -98.1691125,
              26.3045042
            ],
            [
              -98.1691102,
              26.3045173
            ],
            [
              -98.1690925,
              26.3045147
            ],
            [
              -98.1690509,
              26.3047488
            ],
            [
              -98.1690685,
              26.3047514
            ],
            [
              -98.1690654,
              26.304769
            ],
            [
              -98.1690684,
              26.3047766
            ],
            [
              -98.1690755,
              26.3047815
            ],
            [
              -98.1692309,
              26.3048037
            ],
            [
              -98.169592,
              26.3048554
            ],
            [
              -98.1696742,
              26.3048672
            ],
            [
              -98.1696827,
              26.3048644
            ],
            [
              -98.1696882,
              26.3048581
            ],
            [
              -98.1696913,
              26.3048405
            ],
            [
              -98.1697093,
              26.304843
            ]
          ]
        ]
      },
      "id": "way/235015882"
    },
    {
      "type": "Feature",
      "properties": {
        "@id": "way/235015883",
        "building": "university",
        "name": "Lamar E",
        "short_name": "ELAMR"
      },
      "geometry": {
        "type": "Polygon",
        "coordinates": [
          [
            [
              -98.1743609,
              26.3092489
            ],
            [
              -98.1743879,
              26.3091119
            ],
            [
              -98.1742748,
              26.309094
            ],
            [
              -98.1742242,
              26.309086
            ],
            [
              -98.1741632,
              26.3090763
            ],
            [
              -98.174118,
              26.3090692
            ],
            [
              -98.1739633,
              26.3090447
            ],
            [
              -98.1739363,
              26.3091816
            ],
            [
              -98.1741092,
              26.309209
            ],
            [
              -98.1743609,
              26.3092489
            ]
          ]
        ]
      },
      "id": "way/235015883"
    },
    {
      "type": "Feature",
      "properties": {
        "@id": "way/235015884",
        "building": "university",
        "name": "Marialice Shary Shivers Building",
        "short_name": "EMASS"
      },
      "geometry": {
        "type": "Polygon",
        "coordinates": [
          [
            [
              -98.1755585,
              26.3043575
            ],
            [
              -98.1755549,
              26.3042838
            ],
            [
              -98.1756278,
              26.3042809
            ],
            [
              -98.1756244,
              26.3042102
            ],
            [
              -98.1755491,
              26.3042131
            ],
            [
              -98.1755458,
              26.3041448
            ],
            [
              -98.1751135,
              26.3041618
            ],
            [
              -98.175117,
              26.3042337
            ],
            [
              -98.1750456,
              26.3042366
            ],
            [
              -98.1750491,
              26.3043078
            ],
            [
              -98.1751194,
              26.3043051
            ],
            [
              -98.1751229,
              26.3043747
            ],
            [
              -98.1755585,
              26.3043575
            ]
          ]
        ]
      },
      "id": "way/235015884"
    },
    {
      "type": "Feature",
      "properties": {
        "@id": "way/235015885",
        "amenity": "planetarium",
        "building": "university",
        "name": "H.E.B. Planetarium",
        "operator": "University of Texas Rio Grande Valley",
        "short_name": "EPLAN"
      },
      "geometry": {
        "type": "Polygon",
        "coordinates": [
          [
            [
              -98.1718947,
              26.3065276
            ],
            [
              -98.1718908,
              26.306539
            ],
            [
              -98.1718948,
              26.306555
            ],
            [
              -98.1719065,
              26.3065674
            ],
            [
              -98.1719233,
              26.3065737
            ],
            [
              -98.1719415,
              26.3065723
            ],
            [
              -98.1719569,
              26.3065636
            ],
            [
              -98.1719661,
              26.3065496
            ],
            [
              -98.1719663,
              26.3065373
            ],
            [
              -98.171989,
              26.3065404
            ],
            [
              -98.1720256,
              26.3065454
            ],
            [
              -98.1720328,
              26.3065029
            ],
            [
              -98.1719939,
              26.3064976
            ],
            [
              -98.1718179,
              26.3064737
            ],
            [
              -98.1718107,
              26.3065162
            ],
            [
              -98.1718947,
              26.3065276
            ]
          ]
        ]
      },
      "id": "way/235015885"
    },
    {
      "type": "Feature",
      "properties": {
        "@id": "way/235015886",
        "building": "university",
        "building:levels": "1",
        "name": "Mathematics and Science Academy",
        "short_name": "EMSAC"
      },
      "geometry": {
        "type": "Polygon",
        "coordinates": [
          [
            [
              -98.175584,
              26.3046358
            ],
            [
              -98.1755734,
              26.3044394
            ],
            [
              -98.1751121,
              26.3044595
            ],
            [
              -98.1751227,
              26.3046559
            ],
            [
              -98.175584,
              26.3046358
            ]
          ]
        ]
      },
      "id": "way/235015886"
    },
    {
      "type": "Feature",
      "properties": {
        "@id": "way/235015888",
        "building": "university",
        "name": "Southwick Hall",
        "short_name": "ESWKH"
      },
      "geometry": {
        "type": "Polygon",
        "coordinates": [
          [
            [
              -98.172895,
              26.3047847
            ],
            [
              -98.1729131,
              26.3046839
            ],
            [
              -98.172478,
              26.3046211
            ],
            [
              -98.1724599,
              26.304722
            ],
            [
              -98.1726557,
              26.3047502
            ],
            [
              -98.1726543,
              26.3047579
            ],
            [
              -98.172715,
              26.3047667
            ],
            [
              -98.1727087,
              26.3048017
            ],
            [
              -98.1727402,
              26.3048062
            ],
            [
              -98.1727684,
              26.3048103
            ],
            [
              -98.1727747,
              26.3047753
            ],
            [
              -98.1727761,
              26.3047676
            ],
            [
              -98.172895,
              26.3047847
            ]
          ]
        ]
      },
      "id": "way/235015888"
    },
    {
      "type": "Feature",
      "properties": {
        "@id": "way/235015890",
        "building": "university",
        "building:levels": "3",
        "name": "University Center",
        "short_name": "EUCTR"
      },
      "geometry": {
        "type": "Polygon",
        "coordinates": [
          [
            [
              -98.1764116,
              26.3045127
            ],
            [
              -98.1763647,
              26.3045149
            ],
            [
              -98.1762555,
              26.3045199
            ],
            [
              -98.1762758,
              26.3048733
            ],
            [
              -98.1765497,
              26.3048607
            ],
            [
              -98.1765294,
              26.3045073
            ],
            [
              -98.1764116,
              26.3045127
            ]
          ]
        ]
      },
      "id": "way/235015890"
    },
    {
      "type": "Feature",
      "properties": {
        "@id": "way/276410578",
        "building": "university",
        "name": "Health Affairs Building West Auditorium",
        "short_name": "EHABW"
      },
      "geometry": {
        "type": "Polygon",
        "coordinates": [
          [
            [
              -98.1757498,
              26.307651
            ],
            [
              -98.1757579,
              26.3076431
            ],
            [
              -98.1757641,
              26.3076481
            ],
            [
              -98.1757785,
              26.307634
            ],
            [
              -98.1757154,
              26.3075823
            ],
            [
              -98.1757009,
              26.3075965
            ],
            [
              -98.1757072,
              26.3076016
            ],
            [
              -98.1757024,
              26.3076062
            ],
            [
              -98.1756976,
              26.3076108
            ],
            [
              -98.1756267,
              26.3076138
            ],
            [
              -98.1756258,
              26.3075952
            ],
            [
              -98.1756078,
              26.307596
            ],
            [
              -98.1755897,
              26.3075967
            ],
            [
              -98.1755899,
              26.3075997
            ],
            [
              -98.1756083,
              26.3076146
            ],
            [
              -98.1756137,
              26.3077183
            ],
            [
              -98.175595,
              26.3077191
            ],
            [
              -98.1755721,
              26.30772
            ],
            [
              -98.175573,
              26.3077373
            ],
            [
              -98.1755737,
              26.3077494
            ],
            [
              -98.1755742,
              26.3077596
            ],
            [
              -98.175458,
              26.3077645
            ],
            [
              -98.1754396,
              26.3077496
            ],
            [
              -98.1754364,
              26.3077497
            ],
            [
              -98.1754373,
              26.3077658
            ],
            [
              -98.1754381,
              26.3077818
            ],
            [
              -98.1754589,
              26.307781
            ],
            [
              -98.1754621,
              26.3078424
            ],
            [
              -98.1754524,
              26.3078518
            ],
            [
              -98.1754462,
              26.3078467
            ],
            [
              -98.1754318,
              26.3078609
            ],
            [
              -98.1754949,
              26.3079126
            ],
            [
              -98.1755093,
              26.3078984
            ],
            [
              -98.1755031,
              26.3078933
            ],
            [
              -98.1755071,
              26.3078895
            ],
            [
              -98.1755111,
              26.3078857
            ],
            [
              -98.1755755,
              26.3078829
            ],
            [
              -98.1755764,
              26.3078992
            ],
            [
              -98.1755999,
              26.3078982
            ],
            [
              -98.1756275,
              26.3078971
            ],
            [
              -98.1756266,
              26.3078808
            ],
            [
              -98.1757172,
              26.307877
            ],
            [
              -98.1757209,
              26.30788
            ],
            [
              -98.1757245,
              26.307883
            ],
            [
              -98.1757189,
              26.3078886
            ],
            [
              -98.1757347,
              26.3079015
            ],
            [
              -98.1757923,
              26.3078449
            ],
            [
              -98.1757765,
              26.307832
            ],
            [
              -98.1757709,
              26.3078375
            ],
            [
              -98.1757591,
              26.3078279
            ],
            [
              -98.1757552,
              26.3077537
            ],
            [
              -98.1757711,
              26.307753
            ],
            [
              -98.1757697,
              26.3077252
            ],
            [
              -98.1757687,
              26.3077066
            ],
            [
              -98.1757528,
              26.3077073
            ],
            [
              -98.1757498,
              26.307651
            ]
          ]
        ]
      },
      "id": "way/276410578"
    },
    {
      "type": "Feature",
      "properties": {
        "@id": "way/276410581",
        "building": "university",
        "name": "Health Affairs Building West",
        "short_name": "EHABW"
      },
      "geometry": {
        "type": "Polygon",
        "coordinates": [
          [
            [
              -98.175306,
              26.3077844
            ],
            [
              -98.1753109,
              26.3077939
            ],
            [
              -98.1753219,
              26.3077975
            ],
            [
              -98.1753325,
              26.307793
            ],
            [
              -98.1753365,
              26.3077831
            ],
            [
              -98.1753348,
              26.307751
            ],
            [
              -98.1753346,
              26.3077466
            ],
            [
              -98.1753475,
              26.307746
            ],
            [
              -98.175348,
              26.3077562
            ],
            [
              -98.1753773,
              26.307755
            ],
            [
              -98.1753669,
              26.3075568
            ],
            [
              -98.1753186,
              26.3075589
            ],
            [
              -98.1753061,
              26.3075594
            ],
            [
              -98.1752936,
              26.3075599
            ],
            [
              -98.1752502,
              26.3075618
            ],
            [
              -98.1752605,
              26.3077599
            ],
            [
              -98.1752907,
              26.3077586
            ],
            [
              -98.1752902,
              26.3077484
            ],
            [
              -98.1753041,
              26.3077479
            ],
            [
              -98.175306,
              26.3077844
            ]
          ]
        ]
      },
      "id": "way/276410581"
    },
    {
      "type": "Feature",
      "properties": {
        "@id": "way/276418088",
        "building": "dormitory",
        "name": "The Village E",
        "short_name": "EVLGE"
      },
      "geometry": {
        "type": "Polygon",
        "coordinates": [
          [
            [
              -98.1784722,
              26.309258
            ],
            [
              -98.1784797,
              26.309215
            ],
            [
              -98.1784948,
              26.3092171
            ],
            [
              -98.1784974,
              26.3092022
            ],
            [
              -98.1784692,
              26.3091982
            ],
            [
              -98.1784704,
              26.3091915
            ],
            [
              -98.1784835,
              26.3091933
            ],
            [
              -98.1784887,
              26.3091639
            ],
            [
              -98.1784271,
              26.3091553
            ],
            [
              -98.178436,
              26.3091043
            ],
            [
              -98.1786145,
              26.3091294
            ],
            [
              -98.178623,
              26.3090806
            ],
            [
              -98.1786358,
              26.3090824
            ],
            [
              -98.1786427,
              26.3090428
            ],
            [
              -98.1783827,
              26.3090062
            ],
            [
              -98.1783758,
              26.3090458
            ],
            [
              -98.1783886,
              26.3090476
            ],
            [
              -98.1783854,
              26.3090661
            ],
            [
              -98.1783422,
              26.3090601
            ],
            [
              -98.1783217,
              26.3091774
            ],
            [
              -98.1783648,
              26.3091835
            ],
            [
              -98.1783616,
              26.3092019
            ],
            [
              -98.1783488,
              26.3092001
            ],
            [
              -98.1783419,
              26.3092397
            ],
            [
              -98.1784722,
              26.309258
            ]
          ]
        ]
      },
      "id": "way/276418088"
    },
    {
      "type": "Feature",
      "properties": {
        "@id": "way/276418090",
        "building": "dormitory",
        "name": "The Village B",
        "short_name": "EVLGB"
      },
      "geometry": {
        "type": "Polygon",
        "coordinates": [
          [
            [
              -98.1778357,
              26.308659
            ],
            [
              -98.1778249,
              26.3087214
            ],
            [
              -98.1778146,
              26.30872
            ],
            [
              -98.177806,
              26.3087696
            ],
            [
              -98.1778198,
              26.3087715
            ],
            [
              -98.1778161,
              26.3087928
            ],
            [
              -98.1779702,
              26.3088143
            ],
            [
              -98.1779739,
              26.308793
            ],
            [
              -98.1779876,
              26.3087949
            ],
            [
              -98.1779962,
              26.3087453
            ],
            [
              -98.1779882,
              26.3087442
            ],
            [
              -98.1779991,
              26.3086818
            ],
            [
              -98.1778357,
              26.308659
            ]
          ]
        ]
      },
      "id": "way/276418090"
    },
    {
      "type": "Feature",
      "properties": {
        "@id": "way/276418091",
        "building": "dormitory",
        "name": "The Village D",
        "short_name": "EVLGD"
      },
      "geometry": {
        "type": "Polygon",
        "coordinates": [
          [
            [
              -98.1781198,
              26.3092044
            ],
            [
              -98.1781268,
              26.3091647
            ],
            [
              -98.1781119,
              26.3091626
            ],
            [
              -98.1781151,
              26.3091441
            ],
            [
              -98.1781602,
              26.3091504
            ],
            [
              -98.1781806,
              26.3090338
            ],
            [
              -98.1781355,
              26.3090275
            ],
            [
              -98.1781389,
              26.3090081
            ],
            [
              -98.1781539,
              26.3090102
            ],
            [
              -98.1781676,
              26.3089318
            ],
            [
              -98.1781527,
              26.3089297
            ],
            [
              -98.1781559,
              26.3089115
            ],
            [
              -98.1782009,
              26.3089178
            ],
            [
              -98.1782214,
              26.308801
            ],
            [
              -98.1781764,
              26.3087946
            ],
            [
              -98.1781798,
              26.3087751
            ],
            [
              -98.1781947,
              26.3087773
            ],
            [
              -98.1782016,
              26.3087378
            ],
            [
              -98.1780694,
              26.3087191
            ],
            [
              -98.1780625,
              26.3087586
            ],
            [
              -98.1780729,
              26.3087601
            ],
            [
              -98.1780686,
              26.3087844
            ],
            [
              -98.1780583,
              26.308783
            ],
            [
              -98.1780539,
              26.3088077
            ],
            [
              -98.1781119,
              26.3088159
            ],
            [
              -98.1781032,
              26.3088655
            ],
            [
              -98.1779248,
              26.3088403
            ],
            [
              -98.1779165,
              26.3088881
            ],
            [
              -98.1779028,
              26.3088861
            ],
            [
              -98.1778876,
              26.3089727
            ],
            [
              -98.1779013,
              26.3089746
            ],
            [
              -98.1778928,
              26.3090231
            ],
            [
              -98.1780711,
              26.3090482
            ],
            [
              -98.1780621,
              26.3090996
            ],
            [
              -98.1780042,
              26.3090915
            ],
            [
              -98.1779999,
              26.3091157
            ],
            [
              -98.1780103,
              26.3091172
            ],
            [
              -98.178005,
              26.3091475
            ],
            [
              -98.1779946,
              26.309146
            ],
            [
              -98.1779876,
              26.3091858
            ],
            [
              -98.1781198,
              26.3092044
            ]
          ]
        ]
      },
      "id": "way/276418091"
    },
    {
      "type": "Feature",
      "properties": {
        "@id": "way/276418092",
        "building": "yes",
        "name": "UTPA Academic Support Facilities Complex",
        "short_name": "ASFC"
      },
      "geometry": {
        "type": "Polygon",
        "coordinates": [
          [
            [
              -98.1794522,
              26.3084422
            ],
            [
              -98.1801569,
              26.3085483
            ],
            [
              -98.1802898,
              26.3077775
            ],
            [
              -98.1795871,
              26.3076717
            ],
            [
              -98.1794522,
              26.3084422
            ]
          ]
        ]
      },
      "id": "way/276418092"
    },
    {
      "type": "Feature",
      "properties": {
        "@id": "way/276418093",
        "building": "dormitory",
        "name": "The Village F",
        "short_name": "EVLGF"
      },
      "geometry": {
        "type": "Polygon",
        "coordinates": [
          [
            [
              -98.1788004,
              26.3092379
            ],
            [
              -98.1788107,
              26.3092393
            ],
            [
              -98.1788096,
              26.3092461
            ],
            [
              -98.1787842,
              26.3092425
            ],
            [
              -98.1787816,
              26.3092574
            ],
            [
              -98.1787966,
              26.3092595
            ],
            [
              -98.1787891,
              26.3093026
            ],
            [
              -98.1789201,
              26.309321
            ],
            [
              -98.178927,
              26.3092815
            ],
            [
              -98.178912,
              26.3092793
            ],
            [
              -98.1789152,
              26.3092609
            ],
            [
              -98.1789602,
              26.3092673
            ],
            [
              -98.1789808,
              26.3091499
            ],
            [
              -98.1789358,
              26.3091436
            ],
            [
              -98.178939,
              26.309125
            ],
            [
              -98.1789541,
              26.3091272
            ],
            [
              -98.178961,
              26.3090876
            ],
            [
              -98.1787006,
              26.309051
            ],
            [
              -98.1786936,
              26.3090905
            ],
            [
              -98.1787017,
              26.3090917
            ],
            [
              -98.1786932,
              26.3091405
            ],
            [
              -98.1788726,
              26.3091657
            ],
            [
              -98.1788637,
              26.3092167
            ],
            [
              -98.1788056,
              26.3092085
            ],
            [
              -98.1788004,
              26.3092379
            ]
          ]
        ]
      },
      "id": "way/276418093"
    },
    {
      "type": "Feature",
      "properties": {
        "@id": "way/276418094",
        "building": "dormitory",
        "name": "The Village C",
        "short_name": "EVLGC"
      },
      "geometry": {
        "type": "Polygon",
        "coordinates": [
          [
            [
              -98.1779086,
              26.3092032
            ],
            [
              -98.17792,
              26.3091375
            ],
            [
              -98.1779279,
              26.3091386
            ],
            [
              -98.1779372,
              26.3090849
            ],
            [
              -98.1779236,
              26.309083
            ],
            [
              -98.177927,
              26.3090634
            ],
            [
              -98.1777729,
              26.3090419
            ],
            [
              -98.1777695,
              26.3090615
            ],
            [
              -98.1777557,
              26.3090596
            ],
            [
              -98.1777464,
              26.3091133
            ],
            [
              -98.1777566,
              26.3091147
            ],
            [
              -98.1777452,
              26.3091805
            ],
            [
              -98.1779086,
              26.3092032
            ]
          ]
        ]
      },
      "id": "way/276418094"
    },
    {
      "type": "Feature",
      "properties": {
        "@id": "way/276418095",
        "building": "dormitory",
        "name": "The Village A",
        "short_name": "EVLGA"
      },
      "geometry": {
        "type": "Polygon",
        "coordinates": [
          [
            [
              -98.1776756,
              26.3091419
            ],
            [
              -98.1776826,
              26.3091021
            ],
            [
              -98.1776696,
              26.3091003
            ],
            [
              -98.1776749,
              26.30907
            ],
            [
              -98.1776879,
              26.3090718
            ],
            [
              -98.1776922,
              26.3090475
            ],
            [
              -98.1776308,
              26.3090389
            ],
            [
              -98.1776398,
              26.3089875
            ],
            [
              -98.1778168,
              26.3090124
            ],
            [
              -98.1778253,
              26.3089639
            ],
            [
              -98.1778399,
              26.308966
            ],
            [
              -98.1778551,
              26.3088794
            ],
            [
              -98.1778405,
              26.3088774
            ],
            [
              -98.1778489,
              26.3088296
            ],
            [
              -98.1776718,
              26.3088047
            ],
            [
              -98.1776805,
              26.3087551
            ],
            [
              -98.1777419,
              26.3087638
            ],
            [
              -98.1777462,
              26.308739
            ],
            [
              -98.1777333,
              26.3087372
            ],
            [
              -98.1777375,
              26.3087129
            ],
            [
              -98.1777505,
              26.3087147
            ],
            [
              -98.1777574,
              26.3086752
            ],
            [
              -98.1776271,
              26.3086568
            ],
            [
              -98.1776201,
              26.3086963
            ],
            [
              -98.1776332,
              26.3086982
            ],
            [
              -98.1776297,
              26.3087177
            ],
            [
              -98.1775866,
              26.3087116
            ],
            [
              -98.1775661,
              26.3088284
            ],
            [
              -98.1776093,
              26.3088345
            ],
            [
              -98.1776061,
              26.3088527
            ],
            [
              -98.1775931,
              26.3088509
            ],
            [
              -98.1775793,
              26.3089293
            ],
            [
              -98.1775923,
              26.3089311
            ],
            [
              -98.1775889,
              26.3089505
            ],
            [
              -98.1775458,
              26.3089444
            ],
            [
              -98.1775253,
              26.309061
            ],
            [
              -98.1775685,
              26.3090671
            ],
            [
              -98.1775653,
              26.3090856
            ],
            [
              -98.1775522,
              26.3090837
            ],
            [
              -98.1775453,
              26.3091235
            ],
            [
              -98.1776756,
              26.3091419
            ]
          ]
        ]
      },
      "id": "way/276418095"
    },
    {
      "type": "Feature",
      "properties": {
        "@id": "way/574120218",
        "building": "yes",
        "name": "UTRGV School Of Medicine"
      },
      "geometry": {
        "type": "Polygon",
        "coordinates": [
          [
            [
              -98.1749185,
              26.3102336
            ],
            [
              -98.1749192,
              26.3102472
            ],
            [
              -98.1749292,
              26.3102468
            ],
            [
              -98.1749285,
              26.3102332
            ],
            [
              -98.1749668,
              26.3102317
            ],
            [
              -98.1750104,
              26.31023
            ],
            [
              -98.1750112,
              26.3102464
            ],
            [
              -98.1750014,
              26.3102468
            ],
            [
              -98.1750019,
              26.3102559
            ],
            [
              -98.1750095,
              26.3102556
            ],
            [
              -98.1751382,
              26.3102751
            ],
            [
              -98.1752012,
              26.3102846
            ],
            [
              -98.1753302,
              26.3103041
            ],
            [
              -98.1753271,
              26.3102415
            ],
            [
              -98.1752957,
              26.3096055
            ],
            [
              -98.1750552,
              26.3096151
            ],
            [
              -98.1749802,
              26.3096181
            ],
            [
              -98.1749814,
              26.3096425
            ],
            [
              -98.1748994,
              26.3096458
            ],
            [
              -98.174898,
              26.3096165
            ],
            [
              -98.174888,
              26.3096169
            ],
            [
              -98.1748911,
              26.3096779
            ],
            [
              -98.1748953,
              26.3097647
            ],
            [
              -98.1748987,
              26.3098317
            ],
            [
              -98.174902,
              26.3098997
            ],
            [
              -98.1749048,
              26.3099565
            ],
            [
              -98.1749097,
              26.3100548
            ],
            [
              -98.1748946,
              26.3100554
            ],
            [
              -98.174865,
              26.3100511
            ],
            [
              -98.174878,
              26.3099789
            ],
            [
              -98.1747876,
              26.3099659
            ],
            [
              -98.1747857,
              26.3099763
            ],
            [
              -98.1747676,
              26.3099737
            ],
            [
              -98.1747695,
              26.3099633
            ],
            [
              -98.1746782,
              26.3099501
            ],
            [
              -98.1746763,
              26.3099605
            ],
            [
              -98.1746582,
              26.3099579
            ],
            [
              -98.1746601,
              26.3099475
            ],
            [
              -98.1745698,
              26.3099345
            ],
            [
              -98.1745679,
              26.3099449
            ],
            [
              -98.1745114,
              26.3099367
            ],
            [
              -98.1745079,
              26.3098598
            ],
            [
              -98.174361,
              26.3098386
            ],
            [
              -98.1743057,
              26.3101469
            ],
            [
              -98.1744708,
              26.3101707
            ],
            [
              -98.1748638,
              26.3102274
            ],
            [
              -98.1749035,
              26.3102342
            ],
            [
              -98.1749185,
              26.3102336
            ]
          ]
        ]
      },
      "id": "way/574120218"
    },
    {
      "type": "Feature",
      "properties": {
        "@id": "way/574120222",
        "addr:city": "Edinburg",
        "addr:housenumber": "1615",
        "addr:postcode": "78541",
        "addr:state": "TX",
        "addr:street": "West Kuhn Street",
        "building": "church",
        "building:levels": "2",
        "name": "Newman Catholic Student Center",
        "phone": "+1 956-383-0133"
      },
      "geometry": {
        "type": "Polygon",
        "coordinates": [
          [
            [
              -98.1790706,
              26.3062227
            ],
            [
              -98.1791018,
              26.3059647
            ],
            [
              -98.1787449,
              26.30593
            ],
            [
              -98.1787137,
              26.3061881
            ],
            [
              -98.1790706,
              26.3062227
            ]
          ]
        ]
      },
      "id": "way/574120222"
    },
    {
      "type": "Feature",
      "properties": {
        "@id": "way/574196378",
        "amenity": "toilets",
        "building": "yes"
      },
      "geometry": {
        "type": "Polygon",
        "coordinates": [
          [
            [
              -98.1759387,
              26.3049326
            ],
            [
              -98.175937,
              26.3048951
            ],
            [
              -98.1759072,
              26.3048962
            ],
            [
              -98.1759067,
              26.3048871
            ],
            [
              -98.1759365,
              26.3048859
            ],
            [
              -98.1759347,
              26.3048473
            ],
            [
              -98.1759049,
              26.3048484
            ],
            [
              -98.1759058,
              26.3048671
            ],
            [
              -98.1758952,
              26.3048675
            ],
            [
              -98.1758944,
              26.3048488
            ],
            [
              -98.1758637,
              26.30485
            ],
            [
              -98.1758654,
              26.3048863
            ],
            [
              -98.1758507,
              26.3048868
            ],
            [
              -98.175849,
              26.3048505
            ],
            [
              -98.1758179,
              26.3048517
            ],
            [
              -98.1758188,
              26.3048704
            ],
            [
              -98.1758092,
              26.3048708
            ],
            [
              -98.1758083,
              26.3048521
            ],
            [
              -98.1757786,
              26.3048532
            ],
            [
              -98.1757804,
              26.3048919
            ],
            [
              -98.1758101,
              26.3048908
            ],
            [
              -98.1758106,
              26.3048999
            ],
            [
              -98.1757808,
              26.304901
            ],
            [
              -98.1757826,
              26.3049385
            ],
            [
              -98.1759387,
              26.3049326
            ]
          ]
        ]
      },
      "id": "way/574196378"
    },
    {
      "type": "Feature",
      "properties": {
        "@id": "way/574206328",
        "building": "yes",
        "name": "Portable"
      },
      "geometry": {
        "type": "Polygon",
        "coordinates": [
          [
            [
              -98.1710829,
              26.3091097
            ],
            [
              -98.1711139,
              26.3089384
            ],
            [
              -98.1710192,
              26.3089225
            ],
            [
              -98.1709175,
              26.3089122
            ],
            [
              -98.1708892,
              26.3090835
            ],
            [
              -98.1710829,
              26.3091097
            ]
          ]
        ]
      },
      "id": "way/574206328"
    },
    {
      "type": "Feature",
      "properties": {
        "@id": "way/574206383",
        "building": "university",
        "building:levels": "4",
        "description": "A performance art center with a stage.",
        "name": "Performing Arts Complex A",
        "short_name": "EPACA"
      },
      "geometry": {
        "type": "Polygon",
        "coordinates": [
          [
            [
              -98.1725038,
              26.3044901
            ],
            [
              -98.1724995,
              26.3044062
            ],
            [
              -98.1724887,
              26.3044067
            ],
            [
              -98.1724874,
              26.304381
            ],
            [
              -98.1725522,
              26.3043784
            ],
            [
              -98.1725452,
              26.3042411
            ],
            [
              -98.1724334,
              26.3042457
            ],
            [
              -98.1724321,
              26.3042197
            ],
            [
              -98.1724309,
              26.3041971
            ],
            [
              -98.1723793,
              26.3041992
            ],
            [
              -98.1723611,
              26.3038441
            ],
            [
              -98.1723572,
              26.3037683
            ],
            [
              -98.1718778,
              26.3037881
            ],
            [
              -98.1718931,
              26.304088
            ],
            [
              -98.1718664,
              26.3040891
            ],
            [
              -98.1718736,
              26.3042304
            ],
            [
              -98.1718835,
              26.30423
            ],
            [
              -98.1718867,
              26.3042921
            ],
            [
              -98.1718372,
              26.3042941
            ],
            [
              -98.1718485,
              26.3045155
            ],
            [
              -98.1719521,
              26.3045113
            ],
            [
              -98.171958,
              26.3046265
            ],
            [
              -98.1721023,
              26.3046206
            ],
            [
              -98.1720972,
              26.3045197
            ],
            [
              -98.1721824,
              26.3045162
            ],
            [
              -98.1721859,
              26.3045839
            ],
            [
              -98.1723265,
              26.3045781
            ],
            [
              -98.1723183,
              26.3044181
            ],
            [
              -98.1723263,
              26.3044178
            ],
            [
              -98.1723505,
              26.3044168
            ],
            [
              -98.1723585,
              26.3044164
            ],
            [
              -98.1723626,
              26.304496
            ],
            [
              -98.1725038,
              26.3044901
            ]
          ]
        ]
      },
      "id": "way/574206383"
    },
    {
      "type": "Feature",
      "properties": {
        "@id": "way/574206384",
        "building": "university",
        "building:levels": "1",
        "name": "Portable Building 12",
        "short_name": "EPOB12"
      },
      "geometry": {
        "type": "Polygon",
        "coordinates": [
          [
            [
              -98.1719598,
              26.3048806
            ],
            [
              -98.1718897,
              26.3048377
            ],
            [
              -98.1717738,
              26.3049901
            ],
            [
              -98.1718439,
              26.3050329
            ],
            [
              -98.1719598,
              26.3048806
            ]
          ]
        ]
      },
      "id": "way/574206384"
    },
    {
      "type": "Feature",
      "properties": {
        "@id": "way/574206385",
        "building": "university",
        "building:levels": "1",
        "name": "Portable Building 11",
        "short_name": "EPOB11"
      },
      "geometry": {
        "type": "Polygon",
        "coordinates": [
          [
            [
              -98.171921,
              26.3051007
            ],
            [
              -98.1720385,
              26.3049467
            ],
            [
              -98.1719688,
              26.304904
            ],
            [
              -98.1718514,
              26.305058
            ],
            [
              -98.171921,
              26.3051007
            ]
          ]
        ]
      },
      "id": "way/574206385"
    },
    {
      "type": "Feature",
      "properties": {
        "@id": "way/574206386",
        "building": "university",
        "building:levels": "1",
        "name": "Portable Building 10",
        "short_name": "EPOB10"
      },
      "geometry": {
        "type": "Polygon",
        "coordinates": [
          [
            [
              -98.1720094,
              26.3051518
            ],
            [
              -98.1721224,
              26.3050039
            ],
            [
              -98.172055,
              26.3049625
            ],
            [
              -98.171942,
              26.3051104
            ],
            [
              -98.1720094,
              26.3051518
            ]
          ]
        ]
      },
      "id": "way/574206386"
    },
    {
      "type": "Feature",
      "properties": {
        "@id": "way/574206387",
        "building": "university",
        "building:levels": "1",
        "name": "Portable Building 9",
        "short_name": "EPOB9"
      },
      "geometry": {
        "type": "Polygon",
        "coordinates": [
          [
            [
              -98.1721078,
              26.3051971
            ],
            [
              -98.1722241,
              26.3050435
            ],
            [
              -98.1721532,
              26.3050003
            ],
            [
              -98.1720369,
              26.305154
            ],
            [
              -98.1721078,
              26.3051971
            ]
          ]
        ]
      },
      "id": "way/574206387"
    },
    {
      "type": "Feature",
      "properties": {
        "@id": "way/574206388",
        "building": "university",
        "building:levels": "1",
        "name": "Portable Building 13",
        "short_name": "EPOB13"
      },
      "geometry": {
        "type": "Polygon",
        "coordinates": [
          [
            [
              -98.1718682,
              26.3051879
            ],
            [
              -98.1719146,
              26.3051272
            ],
            [
              -98.1717509,
              26.3050267
            ],
            [
              -98.1717045,
              26.3050874
            ],
            [
              -98.1718682,
              26.3051879
            ]
          ]
        ]
      },
      "id": "way/574206388"
    },
    {
      "type": "Feature",
      "properties": {
        "@id": "way/574234013",
        "building": "residential"
      },
      "geometry": {
        "type": "Polygon",
        "coordinates": [
          [
            [
              -98.1830065,
              26.3132863
            ],
            [
              -98.1830185,
              26.3131973
            ],
            [
              -98.1828911,
              26.3131793
            ],
            [
              -98.1828777,
              26.313267
            ],
            [
              -98.1830065,
              26.3132863
            ]
          ]
        ]
      },
      "id": "way/574234013"
    },
    {
      "type": "Feature",
      "properties": {
        "@id": "way/574234014",
        "building": "residential"
      },
      "geometry": {
        "type": "Polygon",
        "coordinates": [
          [
            [
              -98.18304,
              26.3131757
            ],
            [
              -98.1830507,
              26.3130915
            ],
            [
              -98.1828952,
              26.3130735
            ],
            [
              -98.1828817,
              26.3131516
            ],
            [
              -98.18304,
              26.3131757
            ]
          ]
        ]
      },
      "id": "way/574234014"
    },
    {
      "type": "Feature",
      "properties": {
        "@id": "way/574564633",
        "building": "yes",
        "denomination": "baptist",
        "name": "Baptist Student Ministries",
        "religion": "christian"
      },
      "geometry": {
        "type": "Polygon",
        "coordinates": [
          [
            [
              -98.1776779,
              26.311195
            ],
            [
              -98.1777005,
              26.3110645
            ],
            [
              -98.1775639,
              26.3110455
            ],
            [
              -98.1775678,
              26.3110228
            ],
            [
              -98.1774285,
              26.3110035
            ],
            [
              -98.1774269,
              26.3110123
            ],
            [
              -98.1774242,
              26.3110284
            ],
            [
              -98.1773952,
              26.3110243
            ],
            [
              -98.177373,
              26.3111526
            ],
            [
              -98.1776779,
              26.311195
            ]
          ]
        ]
      },
      "id": "way/574564633"
    },
    {
      "type": "Feature",
      "properties": {
        "@id": "way/574564642",
        "amenity": "internet_cafe",
        "building": "yes",
        "name": "One Way Coffee"
      },
      "geometry": {
        "type": "Polygon",
        "coordinates": [
          [
            [
              -98.1780359,
              26.3111651
            ],
            [
              -98.1780651,
              26.311001
            ],
            [
              -98.1778508,
              26.3109704
            ],
            [
              -98.1778414,
              26.310969
            ],
            [
              -98.1778276,
              26.3110466
            ],
            [
              -98.1778806,
              26.3110542
            ],
            [
              -98.1778859,
              26.311055
            ],
            [
              -98.1778705,
              26.3111414
            ],
            [
              -98.1780359,
              26.3111651
            ]
          ]
        ]
      },
      "id": "way/574564642"
    },
    {
      "type": "Feature",
      "properties": {
        "@id": "way/582974881",
        "addr:city": "Edinburg",
        "addr:housenumber": "415",
        "addr:postcode": "78539",
        "addr:state": "TX",
        "addr:street": "W University",
        "building": "yes",
        "building:levels": "2",
        "name": "City of Edinburg"
      },
      "geometry": {
        "type": "Polygon",
        "coordinates": [
          [
            [
              -98.1658953,
              26.3033533
            ],
            [
              -98.1660491,
              26.302851
            ],
            [
              -98.166416,
              26.3028567
            ],
            [
              -98.1664138,
              26.3026935
            ],
            [
              -98.1658466,
              26.302676
            ],
            [
              -98.165758,
              26.3032991
            ],
            [
              -98.1658953,
              26.3033533
            ]
          ]
        ]
      },
      "id": "way/582974881"
    },
    {
      "type": "Feature",
      "properties": {
        "@id": "way/583351567",
        "building": "public",
        "name": "Edinburg Municipal Auditorium"
      },
      "geometry": {
        "type": "Polygon",
        "coordinates": [
          [
            [
              -98.1663444,
              26.3037206
            ],
            [
              -98.1664025,
              26.3033386
            ],
            [
              -98.1663762,
              26.3033354
            ],
            [
              -98.1663811,
              26.3033027
            ],
            [
              -98.1662132,
              26.3032823
            ],
            [
              -98.1662079,
              26.3033173
            ],
            [
              -98.1661579,
              26.3033112
            ],
            [
              -98.1661305,
              26.3034923
            ],
            [
              -98.1659956,
              26.3034759
            ],
            [
              -98.1659753,
              26.3036099
            ],
            [
              -98.166003,
              26.3036133
            ],
            [
              -98.1659784,
              26.3037755
            ],
            [
              -98.1660823,
              26.3037882
            ],
            [
              -98.1660972,
              26.3036904
            ],
            [
              -98.1663444,
              26.3037206
            ]
          ]
        ]
      },
      "id": "way/583351567"
    },
    {
      "type": "Feature",
      "properties": {
        "@id": "way/667589708",
        "building": "university",
        "building:levels": "1",
        "name": "Innovation Building",
        "short_name": "EINNV"
      },
      "geometry": {
        "type": "Polygon",
        "coordinates": [
          [
            [
              -98.1739887,
              26.3058998
            ],
            [
              -98.1740168,
              26.3058474
            ],
            [
              -98.1740814,
              26.3057269
            ],
            [
              -98.1739195,
              26.3056571
            ],
            [
              -98.1739163,
              26.3055935
            ],
            [
              -98.1735262,
              26.3054255
            ],
            [
              -98.1734645,
              26.3055405
            ],
            [
              -98.1734064,
              26.3056489
            ],
            [
              -98.1739887,
              26.3058998
            ]
          ]
        ]
      },
      "id": "way/667589708"
    },
    {
      "type": "Feature",
      "properties": {
        "@id": "way/696068161",
        "building": "university",
        "building:levels": "3",
        "name": "Interdisciplinary Engineering & Academic Building",
        "short_name": "EIEAB"
      },
      "geometry": {
        "type": "Polygon",
        "coordinates": [
          [
            [
              -98.1749712,
              26.3062851
            ],
            [
              -98.1749662,
              26.3061276
            ],
            [
              -98.1748865,
              26.3061317
            ],
            [
              -98.1748374,
              26.306135
            ],
            [
              -98.1748331,
              26.30605
            ],
            [
              -98.174245,
              26.3060785
            ],
            [
              -98.1742498,
              26.3061666
            ],
            [
              -98.1741864,
              26.306166
            ],
            [
              -98.1741875,
              26.3062014
            ],
            [
              -98.1741914,
              26.3063228
            ],
            [
              -98.1749024,
              26.3062892
            ],
            [
              -98.1749712,
              26.3062851
            ]
          ]
        ]
      },
      "id": "way/696068161"
    },
    {
      "type": "Feature",
      "properties": {
        "@id": "way/696068167",
        "amenity": "fuel",
        "building": "roof"
      },
      "geometry": {
        "type": "Polygon",
        "coordinates": [
          [
            [
              -98.1799638,
              26.302917
            ],
            [
              -98.1799746,
              26.3028522
            ],
            [
              -98.1799851,
              26.3027894
            ],
            [
              -98.1800072,
              26.3026571
            ],
            [
              -98.1800178,
              26.302593
            ],
            [
              -98.1798768,
              26.3025741
            ],
            [
              -98.179866,
              26.3026385
            ],
            [
              -98.1798435,
              26.3027737
            ],
            [
              -98.1798333,
              26.3028345
            ],
            [
              -98.1798227,
              26.3028981
            ],
            [
              -98.1799638,
              26.302917
            ]
          ]
        ]
      },
      "id": "way/696068167"
    },
    {
      "type": "Feature",
      "properties": {
        "@id": "way/717653539",
        "building": "university",
        "name": "Environmental Health & Safety",
        "short_name": "EEHSB"
      },
      "geometry": {
        "type": "Polygon",
        "coordinates": [
          [
            [
              -98.1672405,
              26.3084473
            ],
            [
              -98.1672686,
              26.3082935
            ],
            [
              -98.1671104,
              26.3082703
            ],
            [
              -98.167077,
              26.3084536
            ],
            [
              -98.1671523,
              26.3084646
            ],
            [
              -98.1671576,
              26.3084351
            ],
            [
              -98.1672405,
              26.3084473
            ]
          ]
        ]
      },
      "id": "way/717653539"
    },
    {
      "type": "Feature",
      "properties": {
        "@id": "way/717751417",
        "building": "university",
        "name": "Liberal Arts Building North",
        "short_name": "ELABN"
      },
      "geometry": {
        "type": "Polygon",
        "coordinates": [
          [
            [
              -98.1762969,
              26.307652
            ],
            [
              -98.1763407,
              26.30765
            ],
            [
              -98.1766704,
              26.3076351
            ],
            [
              -98.1766693,
              26.3076143
            ],
            [
              -98.176685,
              26.3076136
            ],
            [
              -98.176702,
              26.3076128
            ],
            [
              -98.1767026,
              26.3076226
            ],
            [
              -98.17671,
              26.3076322
            ],
            [
              -98.1767224,
              26.3076355
            ],
            [
              -98.1767308,
              26.3076333
            ],
            [
              -98.1767373,
              26.3076281
            ],
            [
              -98.1767407,
              26.3076209
            ],
            [
              -98.1767385,
              26.3075816
            ],
            [
              -98.1767218,
              26.3072852
            ],
            [
              -98.1766257,
              26.3072895
            ],
            [
              -98.1766135,
              26.3072901
            ],
            [
              -98.1766119,
              26.307262
            ],
            [
              -98.1766101,
              26.3072296
            ],
            [
              -98.176602,
              26.3072106
            ],
            [
              -98.176587,
              26.3071954
            ],
            [
              -98.176567,
              26.3071859
            ],
            [
              -98.1765445,
              26.3071833
            ],
            [
              -98.1765224,
              26.3071879
            ],
            [
              -98.1765035,
              26.3071992
            ],
            [
              -98.1764903,
              26.3072157
            ],
            [
              -98.1764843,
              26.3072353
            ],
            [
              -98.1764878,
              26.3072958
            ],
            [
              -98.1764323,
              26.3072983
            ],
            [
              -98.1763916,
              26.3073001
            ],
            [
              -98.1762554,
              26.3071891
            ],
            [
              -98.176278,
              26.307589
            ],
            [
              -98.1762931,
              26.3075883
            ],
            [
              -98.1763074,
              26.3075877
            ],
            [
              -98.1763083,
              26.3076038
            ],
            [
              -98.1763092,
              26.3076199
            ],
            [
              -98.1762951,
              26.3076206
            ],
            [
              -98.1762845,
              26.3076264
            ],
            [
              -98.1762807,
              26.307637
            ],
            [
              -98.1762856,
              26.3076472
            ],
            [
              -98.1762969,
              26.307652
            ]
          ]
        ]
      },
      "id": "way/717751417"
    },
    {
      "type": "Feature",
      "properties": {
        "@id": "way/717751419",
        "building": "university",
        "name": "Student Academic Center",
        "short_name": "ESTAC"
      },
      "geometry": {
        "type": "Polygon",
        "coordinates": [
          [
            [
              -98.1761106,
              26.3043256
            ],
            [
              -98.1761057,
              26.3042211
            ],
            [
              -98.1760784,
              26.3042176
            ],
            [
              -98.1760801,
              26.3042079
            ],
            [
              -98.176009,
              26.3041983
            ],
            [
              -98.1760073,
              26.3042084
            ],
            [
              -98.175965,
              26.3042027
            ],
            [
              -98.1759668,
              26.3041922
            ],
            [
              -98.1758964,
              26.3041826
            ],
            [
              -98.1758947,
              26.3041924
            ],
            [
              -98.1758523,
              26.3041867
            ],
            [
              -98.175854,
              26.3041764
            ],
            [
              -98.1757833,
              26.3041668
            ],
            [
              -98.1757816,
              26.3041768
            ],
            [
              -98.1757607,
              26.304174
            ],
            [
              -98.175753,
              26.3042198
            ],
            [
              -98.1757156,
              26.3042147
            ],
            [
              -98.1756891,
              26.3043715
            ],
            [
              -98.1759531,
              26.3044074
            ],
            [
              -98.1759633,
              26.3046268
            ],
            [
              -98.176034,
              26.3046241
            ],
            [
              -98.1760355,
              26.3046567
            ],
            [
              -98.176129,
              26.3046532
            ],
            [
              -98.1761265,
              26.3045993
            ],
            [
              -98.1761372,
              26.3045989
            ],
            [
              -98.1761342,
              26.3045347
            ],
            [
              -98.176122,
              26.3045352
            ],
            [
              -98.1761201,
              26.3044945
            ],
            [
              -98.1761306,
              26.3044941
            ],
            [
              -98.1761276,
              26.3044294
            ],
            [
              -98.1761154,
              26.3044298
            ],
            [
              -98.1761134,
              26.3043876
            ],
            [
              -98.1761718,
              26.3043856
            ],
            [
              -98.1761748,
              26.304455
            ],
            [
              -98.1763623,
              26.3044486
            ],
            [
              -98.1764094,
              26.304447
            ],
            [
              -98.1764119,
              26.3044469
            ],
            [
              -98.176406,
              26.3043109
            ],
            [
              -98.1764122,
              26.3043049
            ],
            [
              -98.1764176,
              26.3042931
            ],
            [
              -98.1764182,
              26.3042803
            ],
            [
              -98.1764139,
              26.3042681
            ],
            [
              -98.1764052,
              26.304258
            ],
            [
              -98.1763932,
              26.3042512
            ],
            [
              -98.1763793,
              26.3042484
            ],
            [
              -98.1763651,
              26.3042501
            ],
            [
              -98.1763525,
              26.3042561
            ],
            [
              -98.1763429,
              26.3042655
            ],
            [
              -98.1763375,
              26.3042773
            ],
            [
              -98.1763369,
              26.3042901
            ],
            [
              -98.1763405,
              26.3043
            ],
            [
              -98.1762825,
              26.304302
            ],
            [
              -98.1762808,
              26.3042624
            ],
            [
              -98.1761635,
              26.3042664
            ],
            [
              -98.176166,
              26.3043237
            ],
            [
              -98.1761106,
              26.3043256
            ]
          ]
        ]
      },
      "id": "way/717751419"
    },
    {
      "type": "Feature",
      "properties": {
        "@id": "way/730871705",
        "building": "apartments"
      },
      "geometry": {
        "type": "Polygon",
        "coordinates": [
          [
            [
              -98.180245,
              26.3055324
            ],
            [
              -98.1802694,
              26.3054075
            ],
            [
              -98.1799657,
              26.3053597
            ],
            [
              -98.1799402,
              26.3054898
            ],
            [
              -98.180016,
              26.3055017
            ],
            [
              -98.1800134,
              26.3055147
            ],
            [
              -98.1801692,
              26.3055392
            ],
            [
              -98.1801727,
              26.305521
            ],
            [
              -98.180245,
              26.3055324
            ]
          ]
        ]
      },
      "id": "way/730871705"
    },
    {
      "type": "Feature",
      "properties": {
        "@id": "way/730871706",
        "building": "apartments"
      },
      "geometry": {
        "type": "Polygon",
        "coordinates": [
          [
            [
              -98.1798879,
              26.3054742
            ],
            [
              -98.1799124,
              26.3053493
            ],
            [
              -98.1796087,
              26.3053015
            ],
            [
              -98.1795832,
              26.3054317
            ],
            [
              -98.1796589,
              26.3054436
            ],
            [
              -98.1796564,
              26.3054566
            ],
            [
              -98.1798121,
              26.3054811
            ],
            [
              -98.1798157,
              26.3054629
            ],
            [
              -98.1798879,
              26.3054742
            ]
          ]
        ]
      },
      "id": "way/730871706"
    },
    {
      "type": "Feature",
      "properties": {
        "@id": "way/730871707",
        "building": "apartments"
      },
      "geometry": {
        "type": "Polygon",
        "coordinates": [
          [
            [
              -98.1795213,
              26.305425
            ],
            [
              -98.1795458,
              26.3053001
            ],
            [
              -98.1792421,
              26.3052523
            ],
            [
              -98.1792166,
              26.3053825
            ],
            [
              -98.1792923,
              26.3053944
            ],
            [
              -98.1792898,
              26.3054074
            ],
            [
              -98.1794455,
              26.3054319
            ],
            [
              -98.1794491,
              26.3054137
            ],
            [
              -98.1795213,
              26.305425
            ]
          ]
        ]
      },
      "id": "way/730871707"
    },
    {
      "type": "Feature",
      "properties": {
        "@id": "way/730871708",
        "building": "apartments"
      },
      "geometry": {
        "type": "Polygon",
        "coordinates": [
          [
            [
              -98.1791652,
              26.3053727
            ],
            [
              -98.1791897,
              26.3052478
            ],
            [
              -98.178886,
              26.3052
            ],
            [
              -98.1788605,
              26.3053302
            ],
            [
              -98.1789363,
              26.3053421
            ],
            [
              -98.1789337,
              26.3053551
            ],
            [
              -98.1790894,
              26.3053796
            ],
            [
              -98.179093,
              26.3053613
            ],
            [
              -98.1791652,
              26.3053727
            ]
          ]
        ]
      },
      "id": "way/730871708"
    },
    {
      "type": "Feature",
      "properties": {
        "@id": "way/730871709",
        "building": "apartments"
      },
      "geometry": {
        "type": "Polygon",
        "coordinates": [
          [
            [
              -98.1803195,
              26.3050908
            ],
            [
              -98.1803408,
              26.3049754
            ],
            [
              -98.1799471,
              26.3049171
            ],
            [
              -98.1799258,
              26.3050325
            ],
            [
              -98.1803195,
              26.3050908
            ]
          ]
        ]
      },
      "id": "way/730871709"
    },
    {
      "type": "Feature",
      "properties": {
        "@id": "way/730871710",
        "building": "apartments"
      },
      "geometry": {
        "type": "Polygon",
        "coordinates": [
          [
            [
              -98.1798842,
              26.3050225
            ],
            [
              -98.1799044,
              26.304913
            ],
            [
              -98.1796099,
              26.3048692
            ],
            [
              -98.1795896,
              26.3049787
            ],
            [
              -98.1798842,
              26.3050225
            ]
          ]
        ]
      },
      "id": "way/730871710"
    },
    {
      "type": "Feature",
      "properties": {
        "@id": "way/730871711",
        "building": "carport"
      },
      "geometry": {
        "type": "Polygon",
        "coordinates": [
          [
            [
              -98.1795761,
              26.3047973
            ],
            [
              -98.1803976,
              26.3049134
            ],
            [
              -98.1804052,
              26.3048702
            ],
            [
              -98.1795838,
              26.304754
            ],
            [
              -98.1795761,
              26.3047973
            ]
          ]
        ]
      },
      "id": "way/730871711"
    },
    {
      "type": "Feature",
      "properties": {
        "@id": "way/730871712",
        "building": "apartments"
      },
      "geometry": {
        "type": "Polygon",
        "coordinates": [
          [
            [
              -98.1795565,
              26.3050129
            ],
            [
              -98.1795777,
              26.3048855
            ],
            [
              -98.1793377,
              26.3048534
            ],
            [
              -98.1793166,
              26.3049809
            ],
            [
              -98.1795565,
              26.3050129
            ]
          ]
        ]
      },
      "id": "way/730871712"
    },
    {
      "type": "Feature",
      "properties": {
        "@id": "way/730871713",
        "building": "apartments"
      },
      "geometry": {
        "type": "Polygon",
        "coordinates": [
          [
            [
              -98.1792307,
              26.3049566
            ],
            [
              -98.1792515,
              26.3048387
            ],
            [
              -98.1791853,
              26.3048293
            ],
            [
              -98.1791879,
              26.3048145
            ],
            [
              -98.1790347,
              26.3047927
            ],
            [
              -98.1790325,
              26.3048048
            ],
            [
              -98.1789621,
              26.3047948
            ],
            [
              -98.1789408,
              26.3049154
            ],
            [
              -98.1792307,
              26.3049566
            ]
          ]
        ]
      },
      "id": "way/730871713"
    },
    {
      "type": "Feature",
      "properties": {
        "@id": "way/730871714",
        "building": "carport"
      },
      "geometry": {
        "type": "Polygon",
        "coordinates": [
          [
            [
              -98.1793043,
              26.3047649
            ],
            [
              -98.1793145,
              26.3047085
            ],
            [
              -98.1789877,
              26.3046607
            ],
            [
              -98.1789774,
              26.3047171
            ],
            [
              -98.1793043,
              26.3047649
            ]
          ]
        ]
      },
      "id": "way/730871714"
    },
    {
      "type": "Feature",
      "properties": {
        "@id": "way/730871715",
        "building": "house"
      },
      "geometry": {
        "type": "Polygon",
        "coordinates": [
          [
            [
              -98.1783983,
              26.305364
            ],
            [
              -98.1784231,
              26.3052306
            ],
            [
              -98.1784264,
              26.3052311
            ],
            [
              -98.1784377,
              26.3051704
            ],
            [
              -98.1782998,
              26.3051498
            ],
            [
              -98.1782822,
              26.305245
            ],
            [
              -98.1782715,
              26.3052434
            ],
            [
              -98.1782531,
              26.3053424
            ],
            [
              -98.1783983,
              26.305364
            ]
          ]
        ]
      },
      "id": "way/730871715"
    },
    {
      "type": "Feature",
      "properties": {
        "@id": "way/730871716",
        "building": "carport"
      },
      "geometry": {
        "type": "Polygon",
        "coordinates": [
          [
            [
              -98.1802446,
              26.3056163
            ],
            [
              -98.179918,
              26.3055667
            ],
            [
              -98.1799081,
              26.3056192
            ],
            [
              -98.1802346,
              26.3056689
            ],
            [
              -98.1802446,
              26.3056163
            ]
          ]
        ]
      },
      "id": "way/730871716"
    },
    {
      "type": "Feature",
      "properties": {
        "@id": "way/730871717",
        "building": "carport"
      },
      "geometry": {
        "type": "Polygon",
        "coordinates": [
          [
            [
              -98.1798707,
              26.3056135
            ],
            [
              -98.1798803,
              26.3055591
            ],
            [
              -98.1795522,
              26.3055123
            ],
            [
              -98.1795426,
              26.3055666
            ],
            [
              -98.1798707,
              26.3056135
            ]
          ]
        ]
      },
      "id": "way/730871717"
    },
    {
      "type": "Feature",
      "properties": {
        "@id": "way/730871718",
        "building": "carport"
      },
      "geometry": {
        "type": "Polygon",
        "coordinates": [
          [
            [
              -98.1795144,
              26.3055623
            ],
            [
              -98.179522,
              26.3055195
            ],
            [
              -98.1791985,
              26.305473
            ],
            [
              -98.1791909,
              26.3055158
            ],
            [
              -98.1795144,
              26.3055623
            ]
          ]
        ]
      },
      "id": "way/730871718"
    },
    {
      "type": "Feature",
      "properties": {
        "@id": "way/730871719",
        "building": "carport"
      },
      "geometry": {
        "type": "Polygon",
        "coordinates": [
          [
            [
              -98.179061,
              26.3054969
            ],
            [
              -98.1790706,
              26.3054415
            ],
            [
              -98.1788558,
              26.3054114
            ],
            [
              -98.1788461,
              26.3054668
            ],
            [
              -98.179061,
              26.3054969
            ]
          ]
        ]
      },
      "id": "way/730871719"
    },
    {
      "type": "Feature",
      "properties": {
        "@id": "way/730871720",
        "building": "carport"
      },
      "geometry": {
        "type": "Polygon",
        "coordinates": [
          [
            [
              -98.1788023,
              26.3054563
            ],
            [
              -98.1788107,
              26.3054077
            ],
            [
              -98.1785485,
              26.3053713
            ],
            [
              -98.1785401,
              26.3054199
            ],
            [
              -98.1788023,
              26.3054563
            ]
          ]
        ]
      },
      "id": "way/730871720"
    },
    {
      "type": "Feature",
      "properties": {
        "@id": "way/730871721",
        "building": "apartments"
      },
      "geometry": {
        "type": "Polygon",
        "coordinates": [
          [
            [
              -98.1793247,
              26.3057112
            ],
            [
              -98.179344,
              26.3056
            ],
            [
              -98.1791459,
              26.3055723
            ],
            [
              -98.1791266,
              26.3056836
            ],
            [
              -98.1793247,
              26.3057112
            ]
          ]
        ]
      },
      "id": "way/730871721"
    },
    {
      "type": "Feature",
      "properties": {
        "@id": "way/730871730",
        "building": "apartments"
      },
      "geometry": {
        "type": "Polygon",
        "coordinates": [
          [
            [
              -98.1788227,
              26.3053554
            ],
            [
              -98.1788508,
              26.3051931
            ],
            [
              -98.1787595,
              26.3051804
            ],
            [
              -98.1787549,
              26.3052067
            ],
            [
              -98.1787378,
              26.3052043
            ],
            [
              -98.1787326,
              26.3052343
            ],
            [
              -98.1787455,
              26.3052362
            ],
            [
              -98.1787418,
              26.3052579
            ],
            [
              -98.1787278,
              26.305256
            ],
            [
              -98.1787225,
              26.3052867
            ],
            [
              -98.1787368,
              26.3052886
            ],
            [
              -98.1787326,
              26.3053128
            ],
            [
              -98.1787176,
              26.3053107
            ],
            [
              -98.1787125,
              26.30534
            ],
            [
              -98.1788227,
              26.3053554
            ]
          ]
        ]
      },
      "id": "way/730871730"
    },
    {
      "type": "Feature",
      "properties": {
        "@id": "way/730871731",
        "building": "apartments"
      },
      "geometry": {
        "type": "Polygon",
        "coordinates": [
          [
            [
              -98.1786587,
              26.3053308
            ],
            [
              -98.1786632,
              26.3053042
            ],
            [
              -98.1786756,
              26.3053059
            ],
            [
              -98.1786809,
              26.3052744
            ],
            [
              -98.17867,
              26.3052729
            ],
            [
              -98.1786738,
              26.3052504
            ],
            [
              -98.1786864,
              26.3052521
            ],
            [
              -98.1786921,
              26.3052184
            ],
            [
              -98.1786799,
              26.3052167
            ],
            [
              -98.1786834,
              26.3051961
            ],
            [
              -98.1786932,
              26.3051974
            ],
            [
              -98.1786983,
              26.3051676
            ],
            [
              -98.1785888,
              26.3051527
            ],
            [
              -98.1785609,
              26.3053175
            ],
            [
              -98.1786587,
              26.3053308
            ]
          ]
        ]
      },
      "id": "way/730871731"
    },
    {
      "type": "Feature",
      "properties": {
        "@id": "way/730871732",
        "building": "apartments"
      },
      "geometry": {
        "type": "Polygon",
        "coordinates": [
          [
            [
              -98.1790877,
              26.3056613
            ],
            [
              -98.1791058,
              26.3055614
            ],
            [
              -98.1788279,
              26.3055211
            ],
            [
              -98.1788099,
              26.3056209
            ],
            [
              -98.1790877,
              26.3056613
            ]
          ]
        ]
      },
      "id": "way/730871732"
    },
    {
      "type": "Feature",
      "properties": {
        "@id": "way/730871733",
        "building": "apartments"
      },
      "geometry": {
        "type": "Polygon",
        "coordinates": [
          [
            [
              -98.1787677,
              26.3056219
            ],
            [
              -98.1787857,
              26.3055183
            ],
            [
              -98.1785415,
              26.3054843
            ],
            [
              -98.1785235,
              26.3055879
            ],
            [
              -98.1787677,
              26.3056219
            ]
          ]
        ]
      },
      "id": "way/730871733"
    },
    {
      "type": "Feature",
      "properties": {
        "@id": "way/730871735",
        "building": "apartments"
      },
      "geometry": {
        "type": "Polygon",
        "coordinates": [
          [
            [
              -98.1799451,
              26.30629
            ],
            [
              -98.1799676,
              26.3061679
            ],
            [
              -98.1797995,
              26.306143
            ],
            [
              -98.179777,
              26.3062651
            ],
            [
              -98.1799451,
              26.30629
            ]
          ]
        ]
      },
      "id": "way/730871735"
    },
    {
      "type": "Feature",
      "properties": {
        "@id": "way/730871736",
        "building": "apartments"
      },
      "geometry": {
        "type": "Polygon",
        "coordinates": [
          [
            [
              -98.1794662,
              26.3062206
            ],
            [
              -98.1794878,
              26.3060999
            ],
            [
              -98.1793211,
              26.3060759
            ],
            [
              -98.1792995,
              26.3061966
            ],
            [
              -98.1794662,
              26.3062206
            ]
          ]
        ]
      },
      "id": "way/730871736"
    },
    {
      "type": "Feature",
      "properties": {
        "@id": "way/730871737",
        "building": "carport"
      },
      "geometry": {
        "type": "Polygon",
        "coordinates": [
          [
            [
              -98.1795384,
              26.3062361
            ],
            [
              -98.1795567,
              26.3061274
            ],
            [
              -98.1794925,
              26.3061187
            ],
            [
              -98.1794742,
              26.3062274
            ],
            [
              -98.1795384,
              26.3062361
            ]
          ]
        ]
      },
      "id": "way/730871737"
    },
    {
      "type": "Feature",
      "properties": {
        "@id": "way/730871738",
        "building": "carport"
      },
      "geometry": {
        "type": "Polygon",
        "coordinates": [
          [
            [
              -98.1797641,
              26.3062826
            ],
            [
              -98.1797875,
              26.3061457
            ],
            [
              -98.1797252,
              26.3061371
            ],
            [
              -98.1797018,
              26.306274
            ],
            [
              -98.1797641,
              26.3062826
            ]
          ]
        ]
      },
      "id": "way/730871738"
    },
    {
      "type": "Feature",
      "properties": {
        "@id": "way/745346568",
        "amenity": "shelter",
        "bench": "no",
        "building": "yes",
        "shelter_type": "gazebo"
      },
      "geometry": {
        "type": "Polygon",
        "coordinates": [
          [
            [
              -98.1678247,
              26.3032586
            ],
            [
              -98.1678308,
              26.3032192
            ],
            [
              -98.167807,
              26.3031878
            ],
            [
              -98.1677654,
              26.3031826
            ],
            [
              -98.1677299,
              26.3032075
            ],
            [
              -98.1677249,
              26.3032454
            ],
            [
              -98.1677496,
              26.3032758
            ],
            [
              -98.1677881,
              26.3032814
            ],
            [
              -98.1678247,
              26.3032586
            ]
          ]
        ]
      },
      "id": "way/745346568"
    },
    {
      "type": "Feature",
      "properties": {
        "@id": "way/789152217",
        "addr:city": "Edinburg",
        "addr:housename": "Chick-Fil-A",
        "addr:housenumber": "1360",
        "addr:postcode": "78539",
        "addr:state": "TX",
        "addr:street": "West University",
        "amenity": "fast_food",
        "branch": "University of Texas - Rio Grande Valley",
        "brand": "Chick-fil-A",
        "brand:wikidata": "Q491516",
        "building": "yes",
        "cuisine": "chicken",
        "delivery": "no",
        "drive_through": "no",
        "indoor_seating": "yes",
        "name": "Chick-fil-A",
        "opening_hours": "Mo-Sa 06:30-22:00; Su off",
        "phone": "+1 956-287-0805",
        "ref": "80503",
        "takeaway": "yes",
        "website": "https://www.chick-fil-a.com/locations/tx/edinburg"
      },
      "geometry": {
        "type": "Polygon",
        "coordinates": [
          [
            [
              -98.1758246,
              26.302906
            ],
            [
              -98.1758801,
              26.3029156
            ],
            [
              -98.1758843,
              26.3028989
            ],
            [
              -98.1759233,
              26.3029037
            ],
            [
              -98.1759448,
              26.3028867
            ],
            [
              -98.1759612,
              26.3028533
            ],
            [
              -98.1759995,
              26.3026153
            ],
            [
              -98.1758882,
              26.3026006
            ],
            [
              -98.1758246,
              26.302906
            ]
          ]
        ]
      },
      "id": "way/789152217"
    },
    {
      "type": "Feature",
      "properties": {
        "@id": "way/789152225",
        "addr:city": "Edinburg",
        "addr:housename": "BlueWave Car Wash",
        "addr:housenumber": "1383",
        "addr:postcode": "78539",
        "addr:street": "W. University Drive",
        "building": "yes",
        "name": "BlueWave Car Wash"
      },
      "geometry": {
        "type": "Polygon",
        "coordinates": [
          [
            [
              -98.1767492,
              26.3029204
            ],
            [
              -98.1768109,
              26.302591
            ],
            [
              -98.1767582,
              26.3025828
            ],
            [
              -98.1766875,
              26.3025718
            ],
            [
              -98.1766222,
              26.3029027
            ],
            [
              -98.1767009,
              26.3029137
            ],
            [
              -98.1767492,
              26.3029204
            ]
          ]
        ]
      },
      "id": "way/789152225"
    },
    {
      "type": "Feature",
      "properties": {
        "@id": "way/803131429",
        "building": "carport"
      },
      "geometry": {
        "type": "Polygon",
        "coordinates": [
          [
            [
              -98.1820643,
              26.3000127
            ],
            [
              -98.1820732,
              26.2999637
            ],
            [
              -98.1818519,
              26.2999312
            ],
            [
              -98.1818429,
              26.2999803
            ],
            [
              -98.1820643,
              26.3000127
            ]
          ]
        ]
      },
      "id": "way/803131429"
    },
    {
      "type": "Feature",
      "properties": {
        "@id": "way/803131430",
        "building": "carport"
      },
      "geometry": {
        "type": "Polygon",
        "coordinates": [
          [
            [
              -98.1820802,
              26.2999085
            ],
            [
              -98.1820891,
              26.2998595
            ],
            [
              -98.1818678,
              26.2998271
            ],
            [
              -98.1818588,
              26.2998761
            ],
            [
              -98.1820802,
              26.2999085
            ]
          ]
        ]
      },
      "id": "way/803131430"
    },
    {
      "type": "Feature",
      "properties": {
        "@id": "way/803131431",
        "building": "carport"
      },
      "geometry": {
        "type": "Polygon",
        "coordinates": [
          [
            [
              -98.1817554,
              26.2998609
            ],
            [
              -98.1817644,
              26.2998119
            ],
            [
              -98.181543,
              26.2997795
            ],
            [
              -98.1815341,
              26.2998285
            ],
            [
              -98.1817554,
              26.2998609
            ]
          ]
        ]
      },
      "id": "way/803131431"
    },
    {
      "type": "Feature",
      "properties": {
        "@id": "way/1041705727",
        "addr:city": "Edinburg",
        "addr:housenumber": "201",
        "addr:postcode": "78541",
        "addr:state": "TX",
        "addr:street": "West Mahl Street",
        "building": "yes"
      },
      "geometry": {
        "type": "Polygon",
        "coordinates": [
          [
            [
              -98.1640238,
              26.2999907
            ],
            [
              -98.1643085,
              26.300035
            ],
            [
              -98.1643209,
              26.299971
            ],
            [
              -98.1642901,
              26.2999662
            ],
            [
              -98.1643207,
              26.2998083
            ],
            [
              -98.164301,
              26.2998052
            ],
            [
              -98.1643267,
              26.2996722
            ],
            [
              -98.1640925,
              26.2996358
            ],
            [
              -98.1640238,
              26.2999907
            ]
          ]
        ]
      },
      "id": "way/1041705727"
    },
    {
      "type": "Feature",
      "properties": {
        "@id": "way/1044602947",
        "building": "roof"
      },
      "geometry": {
        "type": "Polygon",
        "coordinates": [
          [
            [
              -98.1758449,
              26.3050986
            ],
            [
              -98.1758993,
              26.3050962
            ],
            [
              -98.1758943,
              26.3050031
            ],
            [
              -98.1758399,
              26.3050054
            ],
            [
              -98.1758449,
              26.3050986
            ]
          ]
        ]
      },
      "id": "way/1044602947"
    },
    {
      "type": "Feature",
      "properties": {
        "@id": "way/1044602948",
        "building": "roof"
      },
      "geometry": {
        "type": "Polygon",
        "coordinates": [
          [
            [
              -98.176176,
              26.3050421
            ],
            [
              -98.1762602,
              26.3050385
            ],
            [
              -98.1762574,
              26.3049859
            ],
            [
              -98.1761732,
              26.3049895
            ],
            [
              -98.176176,
              26.3050421
            ]
          ]
        ]
      },
      "id": "way/1044602948"
    },
    {
      "type": "Feature",
      "properties": {
        "@id": "way/1044602949",
        "building": "roof"
      },
      "geometry": {
        "type": "Polygon",
        "coordinates": [
          [
            [
              -98.1764453,
              26.3050305
            ],
            [
              -98.1765294,
              26.3050269
            ],
            [
              -98.1765265,
              26.3049713
            ],
            [
              -98.1764423,
              26.3049749
            ],
            [
              -98.1764453,
              26.3050305
            ]
          ]
        ]
      },
      "id": "way/1044602949"
    },
    {
      "type": "Feature",
      "properties": {
        "@id": "way/1047804352",
        "building": "roof"
      },
      "geometry": {
        "type": "Polygon",
        "coordinates": [
          [
            [
              -98.1764094,
              26.304447
            ],
            [
              -98.1763623,
              26.3044486
            ],
            [
              -98.1763647,
              26.3045149
            ],
            [
              -98.1764116,
              26.3045127
            ],
            [
              -98.1764094,
              26.304447
            ]
          ]
        ]
      },
      "id": "way/1047804352"
    },
    {
      "type": "Feature",
      "properties": {
        "@id": "way/1055003991",
        "building": "dormitory",
        "name": "Troxel Hall",
        "short_name": "ETROX"
      },
      "geometry": {
        "type": "Polygon",
        "coordinates": [
          [
            [
              -98.1774038,
              26.3065974
            ],
            [
              -98.1774035,
              26.3065864
            ],
            [
              -98.1773664,
              26.3065872
            ],
            [
              -98.1773667,
              26.3065982
            ],
            [
              -98.1773137,
              26.3065994
            ],
            [
              -98.1773147,
              26.3066352
            ],
            [
              -98.17729,
              26.3066358
            ],
            [
              -98.1772918,
              26.3067051
            ],
            [
              -98.177322,
              26.3067044
            ],
            [
              -98.1773228,
              26.3067346
            ],
            [
              -98.1773765,
              26.3067334
            ],
            [
              -98.1773771,
              26.3067545
            ],
            [
              -98.1773561,
              26.3067549
            ],
            [
              -98.1773568,
              26.3067812
            ],
            [
              -98.177385,
              26.3067806
            ],
            [
              -98.1773853,
              26.3067897
            ],
            [
              -98.1773406,
              26.3067907
            ],
            [
              -98.1773408,
              26.3067953
            ],
            [
              -98.1773222,
              26.3067957
            ],
            [
              -98.1773218,
              26.3067795
            ],
            [
              -98.1772867,
              26.3067802
            ],
            [
              -98.1772871,
              26.3067964
            ],
            [
              -98.1772834,
              26.3067965
            ],
            [
              -98.177284,
              26.3068196
            ],
            [
              -98.1772589,
              26.3068202
            ],
            [
              -98.1772576,
              26.3067721
            ],
            [
              -98.1772202,
              26.3067729
            ],
            [
              -98.1772195,
              26.3067457
            ],
            [
              -98.177141,
              26.3067474
            ],
            [
              -98.1771417,
              26.3067746
            ],
            [
              -98.1771083,
              26.3067753
            ],
            [
              -98.1771097,
              26.3068268
            ],
            [
              -98.1770953,
              26.3068271
            ],
            [
              -98.1770961,
              26.3068564
            ],
            [
              -98.1771105,
              26.3068561
            ],
            [
              -98.177112,
              26.3069091
            ],
            [
              -98.17715,
              26.3069083
            ],
            [
              -98.1771506,
              26.3069306
            ],
            [
              -98.1772288,
              26.3069289
            ],
            [
              -98.177228,
              26.3069006
            ],
            [
              -98.1772611,
              26.3068999
            ],
            [
              -98.177263,
              26.3069688
            ],
            [
              -98.1772105,
              26.30697
            ],
            [
              -98.1772114,
              26.3070049
            ],
            [
              -98.1771838,
              26.3070055
            ],
            [
              -98.1771857,
              26.3070759
            ],
            [
              -98.1772134,
              26.3070753
            ],
            [
              -98.1772142,
              26.3071066
            ],
            [
              -98.177273,
              26.3071053
            ],
            [
              -98.1772733,
              26.3071176
            ],
            [
              -98.1773036,
              26.3071169
            ],
            [
              -98.1773033,
              26.3071046
            ],
            [
              -98.1773622,
              26.3071033
            ],
            [
              -98.1773612,
              26.307068
            ],
            [
              -98.1773853,
              26.3070675
            ],
            [
              -98.1773834,
              26.3069975
            ],
            [
              -98.1773516,
              26.3069982
            ],
            [
              -98.1773508,
              26.3069669
            ],
            [
              -98.177296,
              26.3069681
            ],
            [
              -98.1772947,
              26.3069205
            ],
            [
              -98.177351,
              26.3069192
            ],
            [
              -98.1773514,
              26.3069338
            ],
            [
              -98.1773906,
              26.3069329
            ],
            [
              -98.1773902,
              26.3069184
            ],
            [
              -98.1773933,
              26.3069183
            ],
            [
              -98.1773926,
              26.3068907
            ],
            [
              -98.1774164,
              26.3068902
            ],
            [
              -98.1774177,
              26.3069405
            ],
            [
              -98.1774546,
              26.3069397
            ],
            [
              -98.1774553,
              26.3069641
            ],
            [
              -98.1775339,
              26.3069624
            ],
            [
              -98.1775332,
              26.306938
            ],
            [
              -98.177567,
              26.3069372
            ],
            [
              -98.1775655,
              26.3068836
            ],
            [
              -98.1775789,
              26.3068833
            ],
            [
              -98.1775782,
              26.306857
            ],
            [
              -98.1775648,
              26.3068573
            ],
            [
              -98.1775633,
              26.3068044
            ],
            [
              -98.1775239,
              26.3068053
            ],
            [
              -98.1775233,
              26.3067822
            ],
            [
              -98.1774455,
              26.3067839
            ],
            [
              -98.1774463,
              26.3068129
            ],
            [
              -98.1774143,
              26.3068136
            ],
            [
              -98.1774121,
              26.3067326
            ],
            [
              -98.1774638,
              26.3067315
            ],
            [
              -98.1774628,
              26.3066965
            ],
            [
              -98.1774909,
              26.3066959
            ],
            [
              -98.1774891,
              26.3066272
            ],
            [
              -98.177461,
              26.3066278
            ],
            [
              -98.1774601,
              26.3065961
            ],
            [
              -98.1774038,
              26.3065974
            ]
          ]
        ]
      },
      "id": "way/1055003991"
    },
    {
      "type": "Feature",
      "properties": {
        "@id": "way/1055003992",
        "building": "dormitory",
        "name": "Heritage Hall",
        "short_name": "EHRTG"
      },
      "geometry": {
        "type": "Polygon",
        "coordinates": [
          [
            [
              -98.1774033,
              26.306579
            ],
            [
              -98.177403,
              26.3065671
            ],
            [
              -98.1774575,
              26.3065659
            ],
            [
              -98.1774566,
              26.3065312
            ],
            [
              -98.1774814,
              26.3065307
            ],
            [
              -98.1774795,
              26.3064613
            ],
            [
              -98.1774483,
              26.306462
            ],
            [
              -98.1774475,
              26.3064299
            ],
            [
              -98.1773924,
              26.3064311
            ],
            [
              -98.1773911,
              26.3063839
            ],
            [
              -98.177447,
              26.3063827
            ],
            [
              -98.1774474,
              26.3063968
            ],
            [
              -98.1774857,
              26.3063959
            ],
            [
              -98.1774854,
              26.3063818
            ],
            [
              -98.1774891,
              26.3063818
            ],
            [
              -98.1774884,
              26.3063562
            ],
            [
              -98.1775125,
              26.3063557
            ],
            [
              -98.1775139,
              26.3064038
            ],
            [
              -98.1775517,
              26.306403
            ],
            [
              -98.1775524,
              26.3064285
            ],
            [
              -98.1776302,
              26.3064268
            ],
            [
              -98.1776295,
              26.3064013
            ],
            [
              -98.1776634,
              26.3064005
            ],
            [
              -98.177662,
              26.3063471
            ],
            [
              -98.1776752,
              26.3063468
            ],
            [
              -98.1776745,
              26.3063202
            ],
            [
              -98.1776613,
              26.3063204
            ],
            [
              -98.1776598,
              26.3062689
            ],
            [
              -98.1776214,
              26.3062698
            ],
            [
              -98.1776207,
              26.3062457
            ],
            [
              -98.1775414,
              26.3062474
            ],
            [
              -98.1775422,
              26.3062764
            ],
            [
              -98.1775104,
              26.3062771
            ],
            [
              -98.1775082,
              26.3061969
            ],
            [
              -98.1775603,
              26.3061957
            ],
            [
              -98.1775593,
              26.306161
            ],
            [
              -98.1775874,
              26.3061604
            ],
            [
              -98.1775855,
              26.3060914
            ],
            [
              -98.1775574,
              26.306092
            ],
            [
              -98.1775566,
              26.3060623
            ],
            [
              -98.1774971,
              26.3060636
            ],
            [
              -98.1774967,
              26.3060492
            ],
            [
              -98.1774664,
              26.3060499
            ],
            [
              -98.1774668,
              26.3060643
            ],
            [
              -98.1774106,
              26.3060655
            ],
            [
              -98.1774115,
              26.3060988
            ],
            [
              -98.1773857,
              26.3060994
            ],
            [
              -98.1773876,
              26.306169
            ],
            [
              -98.177419,
              26.3061683
            ],
            [
              -98.1774198,
              26.3061988
            ],
            [
              -98.1774737,
              26.3061976
            ],
            [
              -98.1774743,
              26.3062194
            ],
            [
              -98.177453,
              26.3062199
            ],
            [
              -98.1774537,
              26.3062451
            ],
            [
              -98.1774774,
              26.3062446
            ],
            [
              -98.1774776,
              26.3062524
            ],
            [
              -98.1774339,
              26.3062533
            ],
            [
              -98.177434,
              26.3062569
            ],
            [
              -98.1774202,
              26.3062572
            ],
            [
              -98.1774198,
              26.3062429
            ],
            [
              -98.1773816,
              26.3062437
            ],
            [
              -98.1773819,
              26.3062569
            ],
            [
              -98.1773786,
              26.306257
            ],
            [
              -98.1773794,
              26.3062848
            ],
            [
              -98.1773548,
              26.3062853
            ],
            [
              -98.1773535,
              26.3062375
            ],
            [
              -98.1773165,
              26.3062383
            ],
            [
              -98.1773158,
              26.3062119
            ],
            [
              -98.1772366,
              26.3062137
            ],
            [
              -98.1772373,
              26.30624
            ],
            [
              -98.1772045,
              26.3062408
            ],
            [
              -98.177206,
              26.3062955
            ],
            [
              -98.1771933,
              26.3062958
            ],
            [
              -98.177194,
              26.3063202
            ],
            [
              -98.1772067,
              26.30632
            ],
            [
              -98.1772081,
              26.3063731
            ],
            [
              -98.1772467,
              26.3063723
            ],
            [
              -98.1772473,
              26.3063942
            ],
            [
              -98.1773254,
              26.3063925
            ],
            [
              -98.1773246,
              26.3063643
            ],
            [
              -98.1773569,
              26.3063636
            ],
            [
              -98.1773588,
              26.3064318
            ],
            [
              -98.1773065,
              26.306433
            ],
            [
              -98.1773075,
              26.3064672
            ],
            [
              -98.1772802,
              26.3064678
            ],
            [
              -98.1772821,
              26.3065395
            ],
            [
              -98.1773094,
              26.3065389
            ],
            [
              -98.1773102,
              26.3065691
            ],
            [
              -98.1773659,
              26.3065679
            ],
            [
              -98.1773662,
              26.3065811
            ],
            [
              -98.1773603,
              26.3065813
            ],
            [
              -98.1773605,
              26.3065873
            ],
            [
              -98.1773664,
              26.3065872
            ],
            [
              -98.1774035,
              26.3065864
            ],
            [
              -98.1774109,
              26.3065862
            ],
            [
              -98.1774107,
              26.3065789
            ],
            [
              -98.1774033,
              26.306579
            ]
          ]
        ]
      },
      "id": "way/1055003992"
    },
    {
      "type": "Feature",
      "properties": {
        "@id": "way/1117907688",
        "building": "university",
        "name": "Student Services Building",
        "short_name": "ESSBL"
      },
      "geometry": {
        "type": "Polygon",
        "coordinates": [
          [
            [
              -98.174453,
              26.3044281
            ],
            [
              -98.1744567,
              26.3044124
            ],
            [
              -98.174494,
              26.3044195
            ],
            [
              -98.1745044,
              26.304375
            ],
            [
              -98.1745695,
              26.3043873
            ],
            [
              -98.1745846,
              26.3043231
            ],
            [
              -98.1745195,
              26.3043108
            ],
            [
              -98.1745286,
              26.3042719
            ],
            [
              -98.1742867,
              26.3042263
            ],
            [
              -98.1742521,
              26.3043738
            ],
            [
              -98.1742496,
              26.3043842
            ],
            [
              -98.1740995,
              26.3043559
            ],
            [
              -98.1740853,
              26.3044164
            ],
            [
              -98.1740706,
              26.3044251
            ],
            [
              -98.1740814,
              26.3044397
            ],
            [
              -98.1740651,
              26.3044494
            ],
            [
              -98.1740543,
              26.3044348
            ],
            [
              -98.1740403,
              26.304443
            ],
            [
              -98.1739728,
              26.3044303
            ],
            [
              -98.17394,
              26.3045699
            ],
            [
              -98.1739775,
              26.304577
            ],
            [
              -98.1739642,
              26.3046337
            ],
            [
              -98.1740113,
              26.3046992
            ],
            [
              -98.1739827,
              26.3047157
            ],
            [
              -98.17396,
              26.3047108
            ],
            [
              -98.1738986,
              26.3047463
            ],
            [
              -98.1739367,
              26.3047992
            ],
            [
              -98.1739582,
              26.3048034
            ],
            [
              -98.1740334,
              26.3049079
            ],
            [
              -98.1740287,
              26.3049273
            ],
            [
              -98.174067,
              26.3049806
            ],
            [
              -98.1741275,
              26.3049457
            ],
            [
              -98.1741315,
              26.3049241
            ],
            [
              -98.1742109,
              26.3048783
            ],
            [
              -98.1742316,
              26.3049071
            ],
            [
              -98.1742245,
              26.3049369
            ],
            [
              -98.1743193,
              26.304955
            ],
            [
              -98.1743373,
              26.3048792
            ],
            [
              -98.1743479,
              26.304873
            ],
            [
              -98.1743914,
              26.3048475
            ],
            [
              -98.1744013,
              26.3048418
            ],
            [
              -98.1744855,
              26.3048578
            ],
            [
              -98.1745055,
              26.3047733
            ],
            [
              -98.1744734,
              26.3047672
            ],
            [
              -98.1744518,
              26.3047372
            ],
            [
              -98.174509,
              26.3047041
            ],
            [
              -98.1745323,
              26.3047083
            ],
            [
              -98.1745635,
              26.3046903
            ],
            [
              -98.1745283,
              26.3046414
            ],
            [
              -98.1744973,
              26.3046377
            ],
            [
              -98.1744844,
              26.3046197
            ],
            [
              -98.1745043,
              26.3046081
            ],
            [
              -98.1744538,
              26.3045379
            ],
            [
              -98.1744338,
              26.3045494
            ],
            [
              -98.1744219,
              26.3045329
            ],
            [
              -98.1744264,
              26.3044998
            ],
            [
              -98.1744816,
              26.3044679
            ],
            [
              -98.174453,
              26.3044281
            ]
          ]
        ]
      },
      "id": "way/1117907688"
    },
    {
      "type": "Feature",
      "properties": {
        "@id": "way/1117907691",
        "building": "roof"
      },
      "geometry": {
        "type": "Polygon",
        "coordinates": [
          [
            [
              -98.174405,
              26.3048662
            ],
            [
              -98.1743914,
              26.3048475
            ],
            [
              -98.1743479,
              26.304873
            ],
            [
              -98.1743616,
              26.3048917
            ],
            [
              -98.1743882,
              26.3048761
            ],
            [
              -98.174405,
              26.3048662
            ]
          ]
        ]
      },
      "id": "way/1117907691"
    },
    {
      "type": "Feature",
      "properties": {
        "@id": "way/1118444978",
        "building": "roof"
      },
      "geometry": {
        "type": "Polygon",
        "coordinates": [
          [
            [
              -98.1723505,
              26.3044168
            ],
            [
              -98.1723263,
              26.3044178
            ],
            [
              -98.1723292,
              26.3044746
            ],
            [
              -98.1723535,
              26.3044736
            ],
            [
              -98.1723505,
              26.3044168
            ]
          ]
        ]
      },
      "id": "way/1118444978"
    },
    {
      "type": "Feature",
      "properties": {
        "@id": "way/1120427711",
        "building": "roof"
      },
      "geometry": {
        "type": "Polygon",
        "coordinates": [
          [
            [
              -98.1695517,
              26.3080805
            ],
            [
              -98.1696326,
              26.308092
            ],
            [
              -98.1696393,
              26.3080541
            ],
            [
              -98.1696432,
              26.308032
            ],
            [
              -98.1695623,
              26.3080205
            ],
            [
              -98.1695584,
              26.3080426
            ],
            [
              -98.1695517,
              26.3080805
            ]
          ]
        ]
      },
      "id": "way/1120427711"
    },
    {
      "type": "Feature",
      "properties": {
        "@id": "way/1120653896",
        "building": "roof",
        "layer": "1"
      },
      "geometry": {
        "type": "Polygon",
        "coordinates": [
          [
            [
              -98.1729222,
              26.3074324
            ],
            [
              -98.1728925,
              26.3073999
            ],
            [
              -98.1728862,
              26.3073953
            ],
            [
              -98.1728615,
              26.3073772
            ],
            [
              -98.1728335,
              26.3073674
            ],
            [
              -98.1728368,
              26.3074291
            ],
            [
              -98.1728536,
              26.3074427
            ],
            [
              -98.1728704,
              26.3074563
            ],
            [
              -98.1729296,
              26.3074537
            ],
            [
              -98.1729222,
              26.3074324
            ]
          ]
        ]
      },
      "id": "way/1120653896"
    },
    {
      "type": "Feature",
      "properties": {
        "@id": "way/1123310013",
        "building": "university"
      },
      "geometry": {
        "type": "Polygon",
        "coordinates": [
          [
            [
              -98.1711591,
              26.3072065
            ],
            [
              -98.1711563,
              26.307154
            ],
            [
              -98.1710636,
              26.307158
            ],
            [
              -98.1710664,
              26.3072105
            ],
            [
              -98.1711591,
              26.3072065
            ]
          ]
        ]
      },
      "id": "way/1123310013"
    },
    {
      "type": "Feature",
      "properties": {
        "@id": "way/1123310014",
        "building": "university"
      },
      "geometry": {
        "type": "Polygon",
        "coordinates": [
          [
            [
              -98.1712678,
              26.3072018
            ],
            [
              -98.171265,
              26.3071493
            ],
            [
              -98.1712059,
              26.3071519
            ],
            [
              -98.1712087,
              26.3072044
            ],
            [
              -98.1712678,
              26.3072018
            ]
          ]
        ]
      },
      "id": "way/1123310014"
    },
    {
      "type": "Feature",
      "properties": {
        "@id": "way/1123310025",
        "building": "university"
      },
      "geometry": {
        "type": "Polygon",
        "coordinates": [
          [
            [
              -98.1707599,
              26.3072015
            ],
            [
              -98.1707534,
              26.3070743
            ],
            [
              -98.1705859,
              26.3070812
            ],
            [
              -98.1705924,
              26.3072084
            ],
            [
              -98.1706592,
              26.3072057
            ],
            [
              -98.1706586,
              26.3071937
            ],
            [
              -98.1706927,
              26.3071923
            ],
            [
              -98.1706933,
              26.3072043
            ],
            [
              -98.1707599,
              26.3072015
            ]
          ]
        ]
      },
      "id": "way/1123310025"
    },
    {
      "type": "Feature",
      "properties": {
        "@id": "way/1123310026",
        "building": "university"
      },
      "geometry": {
        "type": "Polygon",
        "coordinates": [
          [
            [
              -98.1709252,
              26.3071179
            ],
            [
              -98.1709226,
              26.3070673
            ],
            [
              -98.1708782,
              26.3070692
            ],
            [
              -98.1708808,
              26.3071197
            ],
            [
              -98.1709252,
              26.3071179
            ]
          ]
        ]
      },
      "id": "way/1123310026"
    },
    {
      "type": "Feature",
      "properties": {
        "@id": "way/1123310027",
        "building": "bridge",
        "layer": "1",
        "level": "2"
      },
      "geometry": {
        "type": "Polygon",
        "coordinates": [
          [
            [
              -98.1753186,
              26.3075589
            ],
            [
              -98.1753149,
              26.3074889
            ],
            [
              -98.17529,
              26.3074899
            ],
            [
              -98.1752936,
              26.3075599
            ],
            [
              -98.1753186,
              26.3075589
            ]
          ]
        ]
      },
      "id": "way/1123310027"
    },
    {
      "type": "Feature",
      "properties": {
        "@id": "way/1123310030",
        "building": "roof"
      },
      "geometry": {
        "type": "Polygon",
        "coordinates": [
          [
            [
              -98.1722198,
              26.3056703
            ],
            [
              -98.1722171,
              26.3056058
            ],
            [
              -98.1721408,
              26.3056084
            ],
            [
              -98.1721435,
              26.3056728
            ],
            [
              -98.1722198,
              26.3056703
            ]
          ]
        ]
      },
      "id": "way/1123310030"
    },
    {
      "type": "Feature",
      "properties": {
        "@id": "way/1123310031",
        "building": "roof",
        "layer": "1"
      },
      "geometry": {
        "type": "Polygon",
        "coordinates": [
          [
            [
              -98.1720862,
              26.3059242
            ],
            [
              -98.1720837,
              26.3058558
            ],
            [
              -98.1720456,
              26.3058569
            ],
            [
              -98.1720074,
              26.305858
            ],
            [
              -98.1720099,
              26.3059264
            ],
            [
              -98.172048,
              26.3059253
            ],
            [
              -98.1720862,
              26.3059242
            ]
          ]
        ]
      },
      "id": "way/1123310031"
    },
    {
      "type": "Feature",
      "properties": {
        "@id": "way/1123310032",
        "building": "university",
        "name": "Engineering Portable",
        "short_name": "EPOB4"
      },
      "geometry": {
        "type": "Polygon",
        "coordinates": [
          [
            [
              -98.1714983,
              26.3054157
            ],
            [
              -98.1714932,
              26.3053285
            ],
            [
              -98.1712873,
              26.3053382
            ],
            [
              -98.1712924,
              26.3054254
            ],
            [
              -98.1714983,
              26.3054157
            ]
          ]
        ]
      },
      "id": "way/1123310032"
    },
    {
      "type": "Feature",
      "properties": {
        "@id": "way/1123310033",
        "building": "bridge",
        "layer": "1"
      },
      "geometry": {
        "type": "Polygon",
        "coordinates": [
          [
            [
              -98.1725177,
              26.3055778
            ],
            [
              -98.1725161,
              26.3055498
            ],
            [
              -98.1722082,
              26.3055638
            ],
            [
              -98.1722097,
              26.3055918
            ],
            [
              -98.1725177,
              26.3055778
            ]
          ]
        ]
      },
      "id": "way/1123310033"
    },
    {
      "type": "Feature",
      "properties": {
        "@id": "way/1124036502",
        "building": "roof",
        "layer": "1"
      },
      "geometry": {
        "type": "Polygon",
        "coordinates": [
          [
            [
              -98.1726469,
              26.3077363
            ],
            [
              -98.1726915,
              26.3077344
            ],
            [
              -98.172736,
              26.3077325
            ],
            [
              -98.1727332,
              26.307681
            ],
            [
              -98.1726842,
              26.3076831
            ],
            [
              -98.1726353,
              26.3076852
            ],
            [
              -98.1726363,
              26.3076917
            ],
            [
              -98.1726469,
              26.3077363
            ]
          ]
        ]
      },
      "id": "way/1124036502"
    },
    {
      "type": "Feature",
      "properties": {
        "@id": "way/1131070095",
        "addr:city": "Edinburg",
        "addr:housenumber": "602",
        "addr:postcode": "78539",
        "addr:state": "TX",
        "addr:street": "Pin Oak Road",
        "building": "apartments",
        "building:levels": "1",
        "office": "property_management"
      },
      "geometry": {
        "type": "Polygon",
        "coordinates": [
          [
            [
              -98.1826559,
              26.2992862
            ],
            [
              -98.1826876,
              26.2991122
            ],
            [
              -98.182616,
              26.2991017
            ],
            [
              -98.1825843,
              26.2992758
            ],
            [
              -98.1826559,
              26.2992862
            ]
          ]
        ]
      },
      "id": "way/1131070095"
    },
    {
      "type": "Feature",
      "properties": {
        "@id": "way/1131070097",
        "addr:city": "Edinburg",
        "addr:housenumber": "602",
        "addr:postcode": "78539",
        "addr:state": "TX",
        "addr:street": "Pin Oak Road",
        "building": "apartments",
        "building:levels": "2"
      },
      "geometry": {
        "type": "Polygon",
        "coordinates": [
          [
            [
              -98.1825579,
              26.2994003
            ],
            [
              -98.1825767,
              26.2992913
            ],
            [
              -98.1821366,
              26.2992302
            ],
            [
              -98.1821178,
              26.2993391
            ],
            [
              -98.1825579,
              26.2994003
            ]
          ]
        ]
      },
      "id": "way/1131070097"
    },
    {
      "type": "Feature",
      "properties": {
        "@id": "way/1131070098",
        "addr:city": "Edinburg",
        "addr:housenumber": "602",
        "addr:postcode": "78539",
        "addr:state": "TX",
        "addr:street": "Pin Oak Road",
        "building": "apartments",
        "building:levels": "2"
      },
      "geometry": {
        "type": "Polygon",
        "coordinates": [
          [
            [
              -98.1826151,
              26.2991002
            ],
            [
              -98.1826351,
              26.2989917
            ],
            [
              -98.1821873,
              26.2989255
            ],
            [
              -98.1821674,
              26.2990341
            ],
            [
              -98.1826151,
              26.2991002
            ]
          ]
        ]
      },
      "id": "way/1131070098"
    },
    {
      "type": "Feature",
      "properties": {
        "@id": "way/1131070099",
        "addr:city": "Edinburg",
        "addr:housenumber": "602",
        "addr:postcode": "78539",
        "addr:state": "TX",
        "addr:street": "Pin Oak Road",
        "building": "apartments",
        "building:levels": "2"
      },
      "geometry": {
        "type": "Polygon",
        "coordinates": [
          [
            [
              -98.1821559,
              26.29892
            ],
            [
              -98.1820088,
              26.298899
            ],
            [
              -98.181934,
              26.2993201
            ],
            [
              -98.182081,
              26.2993411
            ],
            [
              -98.1821559,
              26.29892
            ]
          ]
        ]
      },
      "id": "way/1131070099"
    },
    {
      "type": "Feature",
      "properties": {
        "@id": "way/1131070100",
        "addr:city": "Edinburg",
        "addr:housenumber": "602",
        "addr:postcode": "78539",
        "addr:state": "TX",
        "addr:street": "Pin Oak Road",
        "building": "apartments",
        "building:levels": "2"
      },
      "geometry": {
        "type": "Polygon",
        "coordinates": [
          [
            [
              -98.1818009,
              26.2988663
            ],
            [
              -98.1816513,
              26.2988476
            ],
            [
              -98.181587,
              26.2992618
            ],
            [
              -98.1817368,
              26.2992804
            ],
            [
              -98.1818009,
              26.2988663
            ]
          ]
        ]
      },
      "id": "way/1131070100"
    },
    {
      "type": "Feature",
      "properties": {
        "@id": "way/1131070101",
        "addr:city": "Edinburg",
        "addr:housenumber": "602",
        "addr:postcode": "78539",
        "addr:state": "TX",
        "addr:street": "Pin Oak Road",
        "building": "apartments",
        "building:levels": "2"
      },
      "geometry": {
        "type": "Polygon",
        "coordinates": [
          [
            [
              -98.181591,
              26.2989612
            ],
            [
              -98.1816144,
              26.298844
            ],
            [
              -98.1812063,
              26.2987785
            ],
            [
              -98.1811829,
              26.2988957
            ],
            [
              -98.181591,
              26.2989612
            ]
          ]
        ]
      },
      "id": "way/1131070101"
    },
    {
      "type": "Feature",
      "properties": {
        "@id": "way/1131070102",
        "addr:city": "Edinburg",
        "addr:housenumber": "602",
        "addr:postcode": "78539",
        "addr:state": "TX",
        "addr:street": "Pin Oak Road",
        "building": "apartments",
        "building:levels": "2"
      },
      "geometry": {
        "type": "Polygon",
        "coordinates": [
          [
            [
              -98.1815704,
              26.2992616
            ],
            [
              -98.1815881,
              26.2991549
            ],
            [
              -98.1811588,
              26.2990975
            ],
            [
              -98.1811411,
              26.2992041
            ],
            [
              -98.1815704,
              26.2992616
            ]
          ]
        ]
      },
      "id": "way/1131070102"
    },
    {
      "type": "Feature",
      "properties": {
        "@id": "way/1131070453",
        "addr:city": "Edinburg",
        "addr:housenumber": "602",
        "addr:postcode": "78539",
        "addr:state": "TX",
        "addr:street": "Pin Oak Road",
        "building": "apartments",
        "building:levels": "2"
      },
      "geometry": {
        "type": "Polygon",
        "coordinates": [
          [
            [
              -98.1818351,
              26.2986723
            ],
            [
              -98.1818523,
              26.2985525
            ],
            [
              -98.1813051,
              26.2984754
            ],
            [
              -98.1812835,
              26.2985983
            ],
            [
              -98.1818351,
              26.2986723
            ]
          ]
        ]
      },
      "id": "way/1131070453"
    },
    {
      "type": "Feature",
      "properties": {
        "@id": "way/1131070454",
        "addr:city": "Edinburg",
        "addr:housenumber": "602",
        "addr:postcode": "78539",
        "addr:state": "TX",
        "addr:street": "Pin Oak Road",
        "building": "yes",
        "building:levels": "1",
        "leisure": "fitness_centre"
      },
      "geometry": {
        "type": "Polygon",
        "coordinates": [
          [
            [
              -98.1818856,
              26.2986781
            ],
            [
              -98.1819029,
              26.2985584
            ],
            [
              -98.1818523,
              26.2985525
            ],
            [
              -98.1818351,
              26.2986723
            ],
            [
              -98.1818856,
              26.2986781
            ]
          ]
        ]
      },
      "id": "way/1131070454"
    },
    {
      "type": "Feature",
      "properties": {
        "@id": "way/1131070455",
        "addr:city": "Edinburg",
        "addr:housenumber": "602",
        "addr:postcode": "78539",
        "addr:state": "TX",
        "addr:street": "Pin Oak Road",
        "building": "garage",
        "building:levels": "1"
      },
      "geometry": {
        "type": "Polygon",
        "coordinates": [
          [
            [
              -98.1820384,
              26.2986944
            ],
            [
              -98.1820603,
              26.2985802
            ],
            [
              -98.1819939,
              26.29857
            ],
            [
              -98.181972,
              26.2986842
            ],
            [
              -98.1820384,
              26.2986944
            ]
          ]
        ]
      },
      "id": "way/1131070455"
    },
    {
      "type": "Feature",
      "properties": {
        "@id": "way/1188430539",
        "building": "bridge",
        "level": "2"
      },
      "geometry": {
        "type": "Polygon",
        "coordinates": [
          [
            [
              -98.1747932,
              26.3073001
            ],
            [
              -98.1748006,
              26.3072923
            ],
            [
              -98.1749275,
              26.3072869
            ],
            [
              -98.1750963,
              26.3072798
            ],
            [
              -98.1750957,
              26.3072674
            ],
            [
              -98.175095,
              26.3072549
            ],
            [
              -98.1749261,
              26.307262
            ],
            [
              -98.1747857,
              26.3072679
            ],
            [
              -98.1747718,
              26.3072826
            ],
            [
              -98.1747693,
              26.3072852
            ],
            [
              -98.1747804,
              26.3072936
            ],
            [
              -98.1747914,
              26.307302
            ],
            [
              -98.1747932,
              26.3073001
            ]
          ]
        ]
      },
      "id": "way/1188430539"
    },
    {
      "type": "Feature",
      "properties": {
        "@id": "way/1188430594",
        "building": "yes"
      },
      "geometry": {
        "type": "Polygon",
        "coordinates": [
          [
            [
              -98.1743757,
              26.3082726
            ],
            [
              -98.1745987,
              26.3082625
            ],
            [
              -98.1745945,
              26.3081881
            ],
            [
              -98.1746761,
              26.3081844
            ],
            [
              -98.1746699,
              26.3080739
            ],
            [
              -98.1742836,
              26.3080914
            ],
            [
              -98.1742898,
              26.3082019
            ],
            [
              -98.1743715,
              26.3081982
            ],
            [
              -98.1743757,
              26.3082726
            ]
          ]
        ]
      },
      "id": "way/1188430594"
    },
    {
      "type": "Feature",
      "properties": {
        "@id": "way/1188430595",
        "building": "roof",
        "layer": "1"
      },
      "geometry": {
        "type": "Polygon",
        "coordinates": [
          [
            [
              -98.1742544,
              26.3080099
            ],
            [
              -98.1742533,
              26.3079863
            ],
            [
              -98.1742521,
              26.3079628
            ],
            [
              -98.1742267,
              26.3079638
            ],
            [
              -98.1742278,
              26.3079873
            ],
            [
              -98.1742289,
              26.3080108
            ],
            [
              -98.1742544,
              26.3080099
            ]
          ]
        ]
      },
      "id": "way/1188430595"
    },
    {
      "type": "Feature",
      "properties": {
        "@id": "way/1189601680",
        "building": "yes"
      },
      "geometry": {
        "type": "Polygon",
        "coordinates": [
          [
            [
              -98.1741385,
              26.3097587
            ],
            [
              -98.1740124,
              26.3097407
            ],
            [
              -98.1740116,
              26.3097455
            ],
            [
              -98.1738057,
              26.3097161
            ],
            [
              -98.1737471,
              26.3100467
            ],
            [
              -98.1740714,
              26.310093
            ],
            [
              -98.1741153,
              26.3098454
            ],
            [
              -98.1741229,
              26.3098465
            ],
            [
              -98.1741385,
              26.3097587
            ]
          ]
        ]
      },
      "id": "way/1189601680"
    },
    {
      "type": "Feature",
      "properties": {
        "@id": "way/1189724612",
        "building": "yes"
      },
      "geometry": {
        "type": "Polygon",
        "coordinates": [
          [
            [
              -98.1786709,
              26.3091684
            ],
            [
              -98.1786756,
              26.3091398
            ],
            [
              -98.1786394,
              26.309135
            ],
            [
              -98.1786347,
              26.3091637
            ],
            [
              -98.1786709,
              26.3091684
            ]
          ]
        ]
      },
      "id": "way/1189724612"
    },
    {
      "type": "Feature",
      "properties": {
        "@id": "way/1268239560",
        "building": "roof"
      },
      "geometry": {
        "type": "Polygon",
        "coordinates": [
          [
            [
              -98.1703283,
              26.3023857
            ],
            [
              -98.1703609,
              26.3023902
            ],
            [
              -98.1704163,
              26.3023979
            ],
            [
              -98.170481,
              26.3024069
            ],
            [
              -98.1705597,
              26.3024179
            ],
            [
              -98.1706219,
              26.3024265
            ],
            [
              -98.1706332,
              26.302361
            ],
            [
              -98.1705655,
              26.3023516
            ],
            [
              -98.170488,
              26.3023408
            ],
            [
              -98.1704215,
              26.3023315
            ],
            [
              -98.1703589,
              26.3023228
            ],
            [
              -98.1703397,
              26.3023202
            ],
            [
              -98.1703283,
              26.3023857
            ]
          ]
        ]
      },
      "id": "way/1268239560"
    },
    {
      "type": "Feature",
      "properties": {
        "@id": "way/1292702806",
        "building": "apartments"
      },
      "geometry": {
        "type": "Polygon",
        "coordinates": [
          [
            [
              -98.1777706,
              26.3117166
            ],
            [
              -98.1777865,
              26.3116273
            ],
            [
              -98.1773895,
              26.3115706
            ],
            [
              -98.1773737,
              26.3116598
            ],
            [
              -98.1777706,
              26.3117166
            ]
          ]
        ]
      },
      "id": "way/1292702806"
    },
    {
      "type": "Feature",
      "properties": {
        "@id": "way/1292702807",
        "building": "apartments"
      },
      "geometry": {
        "type": "Polygon",
        "coordinates": [
          [
            [
              -98.1777509,
              26.3118536
            ],
            [
              -98.1777677,
              26.3117566
            ],
            [
              -98.1773794,
              26.3117024
            ],
            [
              -98.1773626,
              26.3117995
            ],
            [
              -98.1777509,
              26.3118536
            ]
          ]
        ]
      },
      "id": "way/1292702807"
    },
    {
      "type": "Feature",
      "properties": {
        "@id": "way/1292702808",
        "building": "apartments"
      },
      "geometry": {
        "type": "Polygon",
        "coordinates": [
          [
            [
              -98.1777286,
              26.3119817
            ],
            [
              -98.1777471,
              26.3118671
            ],
            [
              -98.1775949,
              26.3118473
            ],
            [
              -98.1775763,
              26.311962
            ],
            [
              -98.1777286,
              26.3119817
            ]
          ]
        ]
      },
      "id": "way/1292702808"
    },
    {
      "type": "Feature",
      "properties": {
        "@id": "way/1292702809",
        "building": "apartments"
      },
      "geometry": {
        "type": "Polygon",
        "coordinates": [
          [
            [
              -98.1777122,
              26.312095
            ],
            [
              -98.1777264,
              26.3120023
            ],
            [
              -98.1773222,
              26.3119525
            ],
            [
              -98.177308,
              26.3120453
            ],
            [
              -98.1777122,
              26.312095
            ]
          ]
        ]
      },
      "id": "way/1292702809"
    },
    {
      "type": "Feature",
      "properties": {
        "@id": "way/1292702810",
        "building": "apartments"
      },
      "geometry": {
        "type": "Polygon",
        "coordinates": [
          [
            [
              -98.1777241,
              26.3121372
            ],
            [
              -98.1773186,
              26.3120862
            ],
            [
              -98.1773033,
              26.3121844
            ],
            [
              -98.1777088,
              26.3122353
            ],
            [
              -98.1777241,
              26.3121372
            ]
          ]
        ]
      },
      "id": "way/1292702810"
    },
    {
      "type": "Feature",
      "properties": {
        "@id": "way/1292702811",
        "building": "apartments"
      },
      "geometry": {
        "type": "Polygon",
        "coordinates": [
          [
            [
              -98.1773087,
              26.311831
            ],
            [
              -98.1773561,
              26.3115431
            ],
            [
              -98.1772459,
              26.3115285
            ],
            [
              -98.1771985,
              26.3118164
            ],
            [
              -98.1773087,
              26.311831
            ]
          ]
        ]
      },
      "id": "way/1292702811"
    },
    {
      "type": "Feature",
      "properties": {
        "@id": "way/1292702812",
        "building": "apartments"
      },
      "geometry": {
        "type": "Polygon",
        "coordinates": [
          [
            [
              -98.1773052,
              26.3118836
            ],
            [
              -98.177185,
              26.3118676
            ],
            [
              -98.1771386,
              26.3121475
            ],
            [
              -98.1772587,
              26.3121635
            ],
            [
              -98.1773052,
              26.3118836
            ]
          ]
        ]
      },
      "id": "way/1292702812"
    },
    {
      "type": "Feature",
      "properties": {
        "@id": "way/1292702813",
        "building": "apartments"
      },
      "geometry": {
        "type": "Polygon",
        "coordinates": [
          [
            [
              -98.1777283,
              26.3125779
            ],
            [
              -98.1777476,
              26.3124679
            ],
            [
              -98.177363,
              26.3124137
            ],
            [
              -98.1773437,
              26.3125237
            ],
            [
              -98.1777283,
              26.3125779
            ]
          ]
        ]
      },
      "id": "way/1292702813"
    },
    {
      "type": "Feature",
      "properties": {
        "@id": "way/1292702814",
        "building": "apartments"
      },
      "geometry": {
        "type": "Polygon",
        "coordinates": [
          [
            [
              -98.1773026,
              26.31252
            ],
            [
              -98.1773158,
              26.3124341
            ],
            [
              -98.1770001,
              26.3123951
            ],
            [
              -98.1769869,
              26.312481
            ],
            [
              -98.1773026,
              26.31252
            ]
          ]
        ]
      },
      "id": "way/1292702814"
    },
    {
      "type": "Feature",
      "properties": {
        "@id": "way/1292702815",
        "building": "apartments"
      },
      "geometry": {
        "type": "Polygon",
        "coordinates": [
          [
            [
              -98.1779509,
              26.3114103
            ],
            [
              -98.1779682,
              26.3113159
            ],
            [
              -98.1776359,
              26.3112668
            ],
            [
              -98.1776185,
              26.3113613
            ],
            [
              -98.1779509,
              26.3114103
            ]
          ]
        ]
      },
      "id": "way/1292702815"
    },
    {
      "type": "Feature",
      "properties": {
        "@id": "way/1292702816",
        "building": "apartments"
      },
      "geometry": {
        "type": "Polygon",
        "coordinates": [
          [
            [
              -98.1775856,
              26.3113543
            ],
            [
              -98.1776029,
              26.3112557
            ],
            [
              -98.1772018,
              26.3111989
            ],
            [
              -98.1771844,
              26.3112976
            ],
            [
              -98.1775856,
              26.3113543
            ]
          ]
        ]
      },
      "id": "way/1292702816"
    },
    {
      "type": "Feature",
      "properties": {
        "@id": "way/1353435830",
        "building": "yes"
      },
      "geometry": {
        "type": "Polygon",
        "coordinates": [
          [
            [
              -98.162806,
              26.3008541
            ],
            [
              -98.1623824,
              26.300794
            ],
            [
              -98.1617414,
              26.300703
            ],
            [
              -98.1616723,
              26.3006932
            ],
            [
              -98.1616491,
              26.3008246
            ],
            [
              -98.1616898,
              26.3008304
            ],
            [
              -98.1616745,
              26.3009165
            ],
            [
              -98.1616329,
              26.3009106
            ],
            [
              -98.1616091,
              26.3010441
            ],
            [
              -98.1621638,
              26.3011236
            ],
            [
              -98.1621708,
              26.3011673
            ],
            [
              -98.1626629,
              26.3011846
            ],
            [
              -98.1627628,
              26.3011881
            ],
            [
              -98.1627681,
              26.3010691
            ],
            [
              -98.162806,
              26.3008541
            ]
          ]
        ]
      },
      "id": "way/1353435830"
    },
    {
      "type": "Feature",
      "properties": {
        "@id": "way/1353435833",
        "building": "yes"
      },
      "geometry": {
        "type": "Polygon",
        "coordinates": [
          [
            [
              -98.1632461,
              26.3023766
            ],
            [
              -98.1632705,
              26.3022303
            ],
            [
              -98.1632889,
              26.3022328
            ],
            [
              -98.1632971,
              26.3021838
            ],
            [
              -98.1633072,
              26.3021851
            ],
            [
              -98.1633188,
              26.3021155
            ],
            [
              -98.1631726,
              26.302096
            ],
            [
              -98.1631687,
              26.3021191
            ],
            [
              -98.1631426,
              26.3021156
            ],
            [
              -98.1631603,
              26.3020099
            ],
            [
              -98.1628766,
              26.3019719
            ],
            [
              -98.1628186,
              26.3023192
            ],
            [
              -98.1632461,
              26.3023766
            ]
          ]
        ]
      },
      "id": "way/1353435833"
    },
    {
      "type": "Feature",
      "properties": {
        "@id": "way/1353435834",
        "building": "yes"
      },
      "geometry": {
        "type": "Polygon",
        "coordinates": [
          [
            [
              -98.1627943,
              26.3019652
            ],
            [
              -98.1625644,
              26.3019348
            ],
            [
              -98.1625379,
              26.3020964
            ],
            [
              -98.1625871,
              26.3021029
            ],
            [
              -98.1625707,
              26.3022025
            ],
            [
              -98.1625314,
              26.3021973
            ],
            [
              -98.1625167,
              26.3022867
            ],
            [
              -98.1626407,
              26.3023031
            ],
            [
              -98.1626451,
              26.302276
            ],
            [
              -98.1626809,
              26.3022807
            ],
            [
              -98.1626852,
              26.3022549
            ],
            [
              -98.1627455,
              26.3022628
            ],
            [
              -98.1627943,
              26.3019652
            ]
          ]
        ]
      },
      "id": "way/1353435834"
    },
    {
      "type": "Feature",
      "properties": {
        "@id": "way/1353435835",
        "building": "yes"
      },
      "geometry": {
        "type": "Polygon",
        "coordinates": [
          [
            [
              -98.1634389,
              26.300634
            ],
            [
              -98.1632499,
              26.3006081
            ],
            [
              -98.1632318,
              26.3007146
            ],
            [
              -98.1634207,
              26.3007404
            ],
            [
              -98.1634389,
              26.300634
            ]
          ]
        ]
      },
      "id": "way/1353435835"
    },
    {
      "type": "Feature",
      "properties": {
        "@id": "way/1353435836",
        "building": "yes"
      },
      "geometry": {
        "type": "Polygon",
        "coordinates": [
          [
            [
              -98.1632318,
              26.3007146
            ],
            [
              -98.1632499,
              26.3006081
            ],
            [
              -98.1629939,
              26.3005721
            ],
            [
              -98.1629752,
              26.3006788
            ],
            [
              -98.1632318,
              26.3007146
            ]
          ]
        ]
      },
      "id": "way/1353435836"
    },
    {
      "type": "Feature",
      "properties": {
        "@id": "way/1353435843",
        "building": "yes"
      },
      "geometry": {
        "type": "Polygon",
        "coordinates": [
          [
            [
              -98.1638216,
              26.3017259
            ],
            [
              -98.1637944,
              26.3017448
            ],
            [
              -98.1637611,
              26.3019212
            ],
            [
              -98.1640637,
              26.3019636
            ],
            [
              -98.1640999,
              26.3017682
            ],
            [
              -98.1638216,
              26.3017259
            ]
          ]
        ]
      },
      "id": "way/1353435843"
    },
    {
      "type": "Feature",
      "properties": {
        "@id": "way/1353435844",
        "building": "yes"
      },
      "geometry": {
        "type": "Polygon",
        "coordinates": [
          [
            [
              -98.1640637,
              26.3019636
            ],
            [
              -98.1637611,
              26.3019212
            ],
            [
              -98.1636706,
              26.3019086
            ],
            [
              -98.1636458,
              26.3020505
            ],
            [
              -98.1638117,
              26.3020737
            ],
            [
              -98.164039,
              26.3021055
            ],
            [
              -98.1640637,
              26.3019636
            ]
          ]
        ]
      },
      "id": "way/1353435844"
    },
    {
      "type": "Feature",
      "properties": {
        "@id": "way/1353435845",
        "building": "yes"
      },
      "geometry": {
        "type": "Polygon",
        "coordinates": [
          [
            [
              -98.1636458,
              26.3020505
            ],
            [
              -98.1636344,
              26.3021156
            ],
            [
              -98.1638007,
              26.3021381
            ],
            [
              -98.1638117,
              26.3020737
            ],
            [
              -98.1636458,
              26.3020505
            ]
          ]
        ]
      },
      "id": "way/1353435845"
    },
    {
      "type": "Feature",
      "properties": {
        "@id": "way/1353435846",
        "building": "yes"
      },
      "geometry": {
        "type": "Polygon",
        "coordinates": [
          [
            [
              -98.1638007,
              26.3021381
            ],
            [
              -98.1636344,
              26.3021156
            ],
            [
              -98.1636229,
              26.3021841
            ],
            [
              -98.1637892,
              26.3022066
            ],
            [
              -98.1638007,
              26.3021381
            ]
          ]
        ]
      },
      "id": "way/1353435846"
    },
    {
      "type": "Feature",
      "properties": {
        "@id": "way/1353435847",
        "building": "yes"
      },
      "geometry": {
        "type": "Polygon",
        "coordinates": [
          [
            [
              -98.1644935,
              26.3023646
            ],
            [
              -98.1638121,
              26.302266
            ],
            [
              -98.1638102,
              26.3022768
            ],
            [
              -98.1636282,
              26.3022505
            ],
            [
              -98.1636179,
              26.3023078
            ],
            [
              -98.1636057,
              26.302306
            ],
            [
              -98.1635751,
              26.302476
            ],
            [
              -98.1640365,
              26.3025425
            ],
            [
              -98.1640409,
              26.3025176
            ],
            [
              -98.16413,
              26.3025304
            ],
            [
              -98.1641253,
              26.3025565
            ],
            [
              -98.1641981,
              26.3025671
            ],
            [
              -98.1642026,
              26.3025421
            ],
            [
              -98.164455,
              26.3025786
            ],
            [
              -98.1644935,
              26.3023646
            ]
          ]
        ]
      },
      "id": "way/1353435847"
    },
    {
      "type": "Feature",
      "properties": {
        "@id": "way/1374860609",
        "building": "yes"
      },
      "geometry": {
        "type": "Polygon",
        "coordinates": [
          [
            [
              -98.1658256,
              26.3011246
            ],
            [
              -98.1658623,
              26.3009055
            ],
            [
              -98.165717,
              26.3008859
            ],
            [
              -98.1656804,
              26.301105
            ],
            [
              -98.1658256,
              26.3011246
            ]
          ]
        ]
      },
      "id": "way/1374860609"
    },
    {
      "type": "Feature",
      "properties": {
        "@id": "way/1374875476",
        "building": "yes"
      },
      "geometry": {
        "type": "Polygon",
        "coordinates": [
          [
            [
              -98.1647923,
              26.3005586
            ],
            [
              -98.1648479,
              26.3002637
            ],
            [
              -98.1647274,
              26.3002455
            ],
            [
              -98.1647145,
              26.3003142
            ],
            [
              -98.1645537,
              26.3002899
            ],
            [
              -98.1645413,
              26.3003553
            ],
            [
              -98.1642442,
              26.3003103
            ],
            [
              -98.1642617,
              26.3002175
            ],
            [
              -98.1641119,
              26.3001948
            ],
            [
              -98.1641211,
              26.3001458
            ],
            [
              -98.1639697,
              26.3001228
            ],
            [
              -98.1639126,
              26.3004252
            ],
            [
              -98.1647923,
              26.3005586
            ]
          ]
        ]
      },
      "id": "way/1374875476"
    },
    {
      "type": "Feature",
      "properties": {
        "@id": "way/1374875477",
        "building": "yes"
      },
      "geometry": {
        "type": "Polygon",
        "coordinates": [
          [
            [
              -98.1648666,
              26.3013276
            ],
            [
              -98.1650219,
              26.3013519
            ],
            [
              -98.1650029,
              26.3014499
            ],
            [
              -98.1649286,
              26.3014383
            ],
            [
              -98.1649116,
              26.3015259
            ],
            [
              -98.1648316,
              26.3015134
            ],
            [
              -98.1648162,
              26.3015927
            ],
            [
              -98.1648406,
              26.3016037
            ],
            [
              -98.165193,
              26.3016594
            ],
            [
              -98.1651963,
              26.3016427
            ],
            [
              -98.1652851,
              26.3016567
            ],
            [
              -98.1653132,
              26.3015133
            ],
            [
              -98.1652362,
              26.3015013
            ],
            [
              -98.1652316,
              26.301525
            ],
            [
              -98.1651255,
              26.3015084
            ],
            [
              -98.1651727,
              26.3012659
            ],
            [
              -98.1648873,
              26.3012213
            ],
            [
              -98.1648666,
              26.3013276
            ]
          ]
        ]
      },
      "id": "way/1374875477"
    },
    {
      "type": "Feature",
      "properties": {
        "@id": "way/1374875479",
        "building": "yes"
      },
      "geometry": {
        "type": "Polygon",
        "coordinates": [
          [
            [
              -98.1629203,
              26.299451
            ],
            [
              -98.1628485,
              26.2998642
            ],
            [
              -98.1630225,
              26.2998885
            ],
            [
              -98.1630461,
              26.2997528
            ],
            [
              -98.1631715,
              26.2997702
            ],
            [
              -98.1631844,
              26.2996958
            ],
            [
              -98.1632828,
              26.2997095
            ],
            [
              -98.163318,
              26.2995066
            ],
            [
              -98.1629203,
              26.299451
            ]
          ]
        ]
      },
      "id": "way/1374875479"
    },
    {
      "type": "Feature",
      "properties": {
        "@id": "way/1374875480",
        "building": "yes"
      },
      "geometry": {
        "type": "Polygon",
        "coordinates": [
          [
            [
              -98.1633941,
              26.2991384
            ],
            [
              -98.1635045,
              26.2985371
            ],
            [
              -98.1631624,
              26.2984866
            ],
            [
              -98.1631118,
              26.298762
            ],
            [
              -98.1630562,
              26.2987538
            ],
            [
              -98.1629964,
              26.2990798
            ],
            [
              -98.1633941,
              26.2991384
            ]
          ]
        ]
      },
      "id": "way/1374875480"
    },
    {
      "type": "Feature",
      "properties": {
        "@id": "way/1374875482",
        "building": "yes"
      },
      "geometry": {
        "type": "Polygon",
        "coordinates": [
          [
            [
              -98.1627017,
              26.2990479
            ],
            [
              -98.162768,
              26.2987181
            ],
            [
              -98.1623516,
              26.2986508
            ],
            [
              -98.1623255,
              26.2987806
            ],
            [
              -98.162498,
              26.2988084
            ],
            [
              -98.1625195,
              26.2988119
            ],
            [
              -98.1624793,
              26.299012
            ],
            [
              -98.1627017,
              26.2990479
            ]
          ]
        ]
      },
      "id": "way/1374875482"
    },
    {
      "type": "Feature",
      "properties": {
        "@id": "way/1421043506",
        "building": "yes"
      },
      "geometry": {
        "type": "Polygon",
        "coordinates": [
          [
            [
              -98.1651773,
              26.3037597
            ],
            [
              -98.1652971,
              26.3030526
            ],
            [
              -98.1651706,
              26.3030354
            ],
            [
              -98.1651601,
              26.3030971
            ],
            [
              -98.1650479,
              26.3030818
            ],
            [
              -98.1650521,
              26.303057
            ],
            [
              -98.1649568,
              26.303044
            ],
            [
              -98.1649532,
              26.3030652
            ],
            [
              -98.1648449,
              26.3030505
            ],
            [
              -98.164854,
              26.3029972
            ],
            [
              -98.1647443,
              26.3029823
            ],
            [
              -98.1647214,
              26.3031172
            ],
            [
              -98.1648268,
              26.3031316
            ],
            [
              -98.1647242,
              26.3037359
            ],
            [
              -98.1650412,
              26.3037791
            ],
            [
              -98.1650475,
              26.303742
            ],
            [
              -98.1651773,
              26.3037597
            ]
          ]
        ]
      },
      "id": "way/1421043506"
    },
    {
      "type": "Feature",
      "properties": {
        "@id": "way/1436719019",
        "building": "yes",
        "source": "microsoft/BuildingFootprints"
      },
      "geometry": {
        "type": "Polygon",
        "coordinates": [
          [
            [
              -98.1755984,
              26.3024525
            ],
            [
              -98.1753356,
              26.3024169
            ],
            [
              -98.1752879,
              26.3026996
            ],
            [
              -98.1752364,
              26.3026926
            ],
            [
              -98.1752851,
              26.3024038
            ],
            [
              -98.1751027,
              26.3023791
            ],
            [
              -98.1750155,
              26.3028965
            ],
            [
              -98.1755122,
              26.3029638
            ],
            [
              -98.1755984,
              26.3024525
            ]
          ]
        ]
      },
      "id": "way/1436719019"
    },
    {
      "type": "Feature",
      "properties": {
        "@id": "way/1436719020",
        "building": "yes",
        "source": "microsoft/BuildingFootprints"
      },
      "geometry": {
        "type": "Polygon",
        "coordinates": [
          [
            [
              -98.1746714,
              26.3026642
            ],
            [
              -98.1746486,
              26.3028096
            ],
            [
              -98.1746697,
              26.3028122
            ],
            [
              -98.1746625,
              26.3028579
            ],
            [
              -98.1747783,
              26.3028724
            ],
            [
              -98.1748148,
              26.302639
            ],
            [
              -98.1747332,
              26.3026287
            ],
            [
              -98.1747266,
              26.3026712
            ],
            [
              -98.1746714,
              26.3026642
            ]
          ]
        ]
      },
      "id": "way/1436719020"
    },
    {
      "type": "Feature",
      "properties": {
        "@id": "way/1436720718",
        "building": "yes",
        "source": "microsoft/BuildingFootprints"
      },
      "geometry": {
        "type": "Polygon",
        "coordinates": [
          [
            [
              -98.1792412,
              26.3113253
            ],
            [
              -98.1794246,
              26.3113533
            ],
            [
              -98.1794487,
              26.3112266
            ],
            [
              -98.1792653,
              26.3111986
            ],
            [
              -98.1792412,
              26.3113253
            ]
          ]
        ]
      },
      "id": "way/1436720718"
    },
    {
      "type": "Feature",
      "properties": {
        "@id": "way/1436720719",
        "building": "yes",
        "source": "microsoft/BuildingFootprints"
      },
      "geometry": {
        "type": "Polygon",
        "coordinates": [
          [
            [
              -98.1792391,
              26.311395
            ],
            [
              -98.1792091,
              26.3116373
            ],
            [
              -98.1793575,
              26.311652
            ],
            [
              -98.1793874,
              26.3114097
            ],
            [
              -98.1792391,
              26.311395
            ]
          ]
        ]
      },
      "id": "way/1436720719"
    },
    {
      "type": "Feature",
      "properties": {
        "@id": "way/1436720720",
        "building": "yes",
        "source": "microsoft/BuildingFootprints"
      },
      "geometry": {
        "type": "Polygon",
        "coordinates": [
          [
            [
              -98.179151,
              26.3118519
            ],
            [
              -98.1794211,
              26.3118805
            ],
            [
              -98.1794374,
              26.3117571
            ],
            [
              -98.1791673,
              26.3117284
            ],
            [
              -98.179151,
              26.3118519
            ]
          ]
        ]
      },
      "id": "way/1436720720"
    },
    {
      "type": "Feature",
      "properties": {
        "@id": "way/1436720721",
        "building": "yes",
        "source": "microsoft/BuildingFootprints"
      },
      "geometry": {
        "type": "Polygon",
        "coordinates": [
          [
            [
              -98.1796151,
              26.3115311
            ],
            [
              -98.1794638,
              26.3115172
            ],
            [
              -98.1794445,
              26.3116862
            ],
            [
              -98.1795958,
              26.3117001
            ],
            [
              -98.1796151,
              26.3115311
            ]
          ]
        ]
      },
      "id": "way/1436720721"
    },
    {
      "type": "Feature",
      "properties": {
        "@id": "way/1436720722",
        "building": "yes",
        "source": "microsoft/BuildingFootprints"
      },
      "geometry": {
        "type": "Polygon",
        "coordinates": [
          [
            [
              -98.1794939,
              26.3114763
            ],
            [
              -98.1796455,
              26.3114984
            ],
            [
              -98.1796904,
              26.31125
            ],
            [
              -98.1795388,
              26.311228
            ],
            [
              -98.1794939,
              26.3114763
            ]
          ]
        ]
      },
      "id": "way/1436720722"
    },
    {
      "type": "Feature",
      "properties": {
        "@id": "way/1436720723",
        "building": "yes",
        "source": "microsoft/BuildingFootprints"
      },
      "geometry": {
        "type": "Polygon",
        "coordinates": [
          [
            [
              -98.1791462,
              26.3119278
            ],
            [
              -98.179112,
              26.3121691
            ],
            [
              -98.1792571,
              26.3121857
            ],
            [
              -98.1792914,
              26.3119443
            ],
            [
              -98.1791462,
              26.3119278
            ]
          ]
        ]
      },
      "id": "way/1436720723"
    },
    {
      "type": "Feature",
      "properties": {
        "@id": "way/1436720724",
        "building": "yes",
        "source": "microsoft/BuildingFootprints"
      },
      "geometry": {
        "type": "Polygon",
        "coordinates": [
          [
            [
              -98.1795159,
              26.3121078
            ],
            [
              -98.179333,
              26.3120833
            ],
            [
              -98.1793116,
              26.3122116
            ],
            [
              -98.1794945,
              26.3122361
            ],
            [
              -98.1795159,
              26.3121078
            ]
          ]
        ]
      },
      "id": "way/1436720724"
    },
    {
      "type": "Feature",
      "properties": {
        "@id": "way/1436720725",
        "building": "yes",
        "source": "microsoft/BuildingFootprints"
      },
      "geometry": {
        "type": "Polygon",
        "coordinates": [
          [
            [
              -98.1793197,
              26.3122786
            ],
            [
              -98.1792807,
              26.3125271
            ],
            [
              -98.1794275,
              26.3125456
            ],
            [
              -98.1794666,
              26.3122971
            ],
            [
              -98.1793197,
              26.3122786
            ]
          ]
        ]
      },
      "id": "way/1436720725"
    },
    {
      "type": "Feature",
      "properties": {
        "@id": "way/1436720726",
        "building": "yes",
        "source": "microsoft/BuildingFootprints"
      },
      "geometry": {
        "type": "Polygon",
        "coordinates": [
          [
            [
              -98.1799716,
              26.3119946
            ],
            [
              -98.1798189,
              26.3119734
            ],
            [
              -98.1797715,
              26.3122473
            ],
            [
              -98.1799243,
              26.3122685
            ],
            [
              -98.1799716,
              26.3119946
            ]
          ]
        ]
      },
      "id": "way/1436720726"
    },
    {
      "type": "Feature",
      "properties": {
        "@id": "way/1436720727",
        "building": "yes",
        "source": "microsoft/BuildingFootprints"
      },
      "geometry": {
        "type": "Polygon",
        "coordinates": [
          [
            [
              -98.1798513,
              26.3117192
            ],
            [
              -98.1798232,
              26.3118613
            ],
            [
              -98.1802207,
              26.3119243
            ],
            [
              -98.1802487,
              26.3117822
            ],
            [
              -98.1798513,
              26.3117192
            ]
          ]
        ]
      },
      "id": "way/1436720727"
    },
    {
      "type": "Feature",
      "properties": {
        "@id": "way/1436720728",
        "building": "yes",
        "source": "microsoft/BuildingFootprints"
      },
      "geometry": {
        "type": "Polygon",
        "coordinates": [
          [
            [
              -98.1799271,
              26.3115194
            ],
            [
              -98.1799004,
              26.311661
            ],
            [
              -98.1802311,
              26.3117111
            ],
            [
              -98.1802578,
              26.3115695
            ],
            [
              -98.1799271,
              26.3115194
            ]
          ]
        ]
      },
      "id": "way/1436720728"
    },
    {
      "type": "Feature",
      "properties": {
        "@id": "way/1436720729",
        "building": "yes",
        "source": "microsoft/BuildingFootprints"
      },
      "geometry": {
        "type": "Polygon",
        "coordinates": [
          [
            [
              -98.1799199,
              26.3113149
            ],
            [
              -98.1798974,
              26.3114602
            ],
            [
              -98.1803006,
              26.3115103
            ],
            [
              -98.1803231,
              26.3113651
            ],
            [
              -98.1799199,
              26.3113149
            ]
          ]
        ]
      },
      "id": "way/1436720729"
    },
    {
      "type": "Feature",
      "properties": {
        "@id": "way/1436720730",
        "building": "yes",
        "source": "microsoft/BuildingFootprints"
      },
      "geometry": {
        "type": "Polygon",
        "coordinates": [
          [
            [
              -98.1800133,
              26.3121769
            ],
            [
              -98.1799636,
              26.3124507
            ],
            [
              -98.1801163,
              26.312473
            ],
            [
              -98.1801661,
              26.3121992
            ],
            [
              -98.1800133,
              26.3121769
            ]
          ]
        ]
      },
      "id": "way/1436720730"
    },
    {
      "type": "Feature",
      "properties": {
        "@id": "way/1436745125",
        "building": "yes",
        "source": "microsoft/BuildingFootprints"
      },
      "geometry": {
        "type": "Polygon",
        "coordinates": [
          [
            [
              -98.1822862,
              26.302655
            ],
            [
              -98.1821793,
              26.3032406
            ],
            [
              -98.1823768,
              26.3032696
            ],
            [
              -98.1824794,
              26.3027076
            ],
            [
              -98.1824373,
              26.3027015
            ],
            [
              -98.1824416,
              26.3026779
            ],
            [
              -98.1822862,
              26.302655
            ]
          ]
        ]
      },
      "id": "way/1436745125"
    },
    {
      "type": "Feature",
      "properties": {
        "@id": "way/1436745126",
        "building": "yes",
        "source": "microsoft/BuildingFootprints"
      },
      "geometry": {
        "type": "Polygon",
        "coordinates": [
          [
            [
              -98.1827911,
              26.3025152
            ],
            [
              -98.1826619,
              26.3025011
            ],
            [
              -98.1826356,
              26.3026941
            ],
            [
              -98.1827649,
              26.3027082
            ],
            [
              -98.1827911,
              26.3025152
            ]
          ]
        ]
      },
      "id": "way/1436745126"
    },
    {
      "type": "Feature",
      "properties": {
        "@id": "way/1436745127",
        "building": "yes",
        "source": "microsoft/BuildingFootprints"
      },
      "geometry": {
        "type": "Polygon",
        "coordinates": [
          [
            [
              -98.1826292,
              26.3027136
            ],
            [
              -98.1825943,
              26.3029071
            ],
            [
              -98.182725,
              26.302926
            ],
            [
              -98.1827599,
              26.3027325
            ],
            [
              -98.1826292,
              26.3027136
            ]
          ]
        ]
      },
      "id": "way/1436745127"
    },
    {
      "type": "Feature",
      "properties": {
        "@id": "way/1436745128",
        "building": "yes",
        "source": "microsoft/BuildingFootprints"
      },
      "geometry": {
        "type": "Polygon",
        "coordinates": [
          [
            [
              -98.182551,
              26.3031206
            ],
            [
              -98.1826864,
              26.3031417
            ],
            [
              -98.1827241,
              26.302948
            ],
            [
              -98.1825887,
              26.3029269
            ],
            [
              -98.182551,
              26.3031206
            ]
          ]
        ]
      },
      "id": "way/1436745128"
    },
    {
      "type": "Feature",
      "properties": {
        "@id": "way/1436745129",
        "building": "yes",
        "source": "microsoft/BuildingFootprints"
      },
      "geometry": {
        "type": "Polygon",
        "coordinates": [
          [
            [
              -98.1824797,
              26.3035662
            ],
            [
              -98.1830206,
              26.3036369
            ],
            [
              -98.1830441,
              26.3034912
            ],
            [
              -98.1826649,
              26.3034428
            ],
            [
              -98.1826582,
              26.3034858
            ],
            [
              -98.1826093,
              26.3034801
            ],
            [
              -98.1826351,
              26.3033194
            ],
            [
              -98.182689,
              26.3033262
            ],
            [
              -98.1826811,
              26.3033761
            ],
            [
              -98.1828128,
              26.3033929
            ],
            [
              -98.1828352,
              26.3032562
            ],
            [
              -98.1825359,
              26.303217
            ],
            [
              -98.1824797,
              26.3035662
            ]
          ]
        ]
      },
      "id": "way/1436745129"
    },
    {
      "type": "Feature",
      "properties": {
        "@id": "way/1436752311",
        "building": "yes",
        "source": "microsoft/BuildingFootprints"
      },
      "geometry": {
        "type": "Polygon",
        "coordinates": [
          [
            [
              -98.1710929,
              26.298897
            ],
            [
              -98.1709341,
              26.2988806
            ],
            [
              -98.1708867,
              26.2992483
            ],
            [
              -98.1710455,
              26.2992647
            ],
            [
              -98.1710929,
              26.298897
            ]
          ]
        ]
      },
      "id": "way/1436752311"
    },
    {
      "type": "Feature",
      "properties": {
        "@id": "way/1436752312",
        "building": "yes",
        "source": "microsoft/BuildingFootprints"
      },
      "geometry": {
        "type": "Polygon",
        "coordinates": [
          [
            [
              -98.1714994,
              26.298956
            ],
            [
              -98.1713102,
              26.2989319
            ],
            [
              -98.1712521,
              26.2992983
            ],
            [
              -98.1714413,
              26.2993224
            ],
            [
              -98.1714994,
              26.298956
            ]
          ]
        ]
      },
      "id": "way/1436752312"
    },
    {
      "type": "Feature",
      "properties": {
        "@id": "way/1436752313",
        "building": "yes",
        "source": "microsoft/BuildingFootprints"
      },
      "geometry": {
        "type": "Polygon",
        "coordinates": [
          [
            [
              -98.1709342,
              26.2995527
            ],
            [
              -98.1708082,
              26.2995358
            ],
            [
              -98.1707594,
              26.2998288
            ],
            [
              -98.1708853,
              26.2998457
            ],
            [
              -98.1709342,
              26.2995527
            ]
          ]
        ]
      },
      "id": "way/1436752313"
    },
    {
      "type": "Feature",
      "properties": {
        "@id": "way/1436752314",
        "building": "yes",
        "source": "microsoft/BuildingFootprints"
      },
      "geometry": {
        "type": "Polygon",
        "coordinates": [
          [
            [
              -98.171267,
              26.299598
            ],
            [
              -98.1711366,
              26.2995793
            ],
            [
              -98.1710783,
              26.2999051
            ],
            [
              -98.1712088,
              26.2999238
            ],
            [
              -98.171267,
              26.299598
            ]
          ]
        ]
      },
      "id": "way/1436752314"
    },
    {
      "type": "Feature",
      "properties": {
        "@id": "way/1436752315",
        "building": "yes",
        "source": "microsoft/BuildingFootprints"
      },
      "geometry": {
        "type": "Polygon",
        "coordinates": [
          [
            [
              -98.1692997,
              26.2994309
            ],
            [
              -98.1692918,
              26.2994297
            ],
            [
              -98.169315,
              26.2993087
            ],
            [
              -98.169163,
              26.2992853
            ],
            [
              -98.1689877,
              26.3001983
            ],
            [
              -98.1692708,
              26.300242
            ],
            [
              -98.1693001,
              26.3000892
            ],
            [
              -98.1691769,
              26.3000702
            ],
            [
              -98.1692997,
              26.2994309
            ]
          ]
        ]
      },
      "id": "way/1436752315"
    },
    {
      "type": "Feature",
      "properties": {
        "@id": "way/1436752316",
        "building": "yes",
        "source": "microsoft/BuildingFootprints"
      },
      "geometry": {
        "type": "Polygon",
        "coordinates": [
          [
            [
              -98.1642897,
              26.3011992
            ],
            [
              -98.1642668,
              26.3013507
            ],
            [
              -98.1643302,
              26.3013584
            ],
            [
              -98.1643331,
              26.3013395
            ],
            [
              -98.1644572,
              26.3013545
            ],
            [
              -98.1644529,
              26.3013829
            ],
            [
              -98.1646605,
              26.3014081
            ],
            [
              -98.1646847,
              26.3012471
            ],
            [
              -98.1642897,
              26.3011992
            ]
          ]
        ]
      },
      "id": "way/1436752316"
    },
    {
      "type": "Feature",
      "properties": {
        "@id": "way/1436752317",
        "building": "yes",
        "source": "microsoft/BuildingFootprints"
      },
      "geometry": {
        "type": "Polygon",
        "coordinates": [
          [
            [
              -98.1657791,
              26.3014961
            ],
            [
              -98.1654169,
              26.3014477
            ],
            [
              -98.1654039,
              26.3015264
            ],
            [
              -98.1654984,
              26.301539
            ],
            [
              -98.1654962,
              26.3015521
            ],
            [
              -98.1656011,
              26.3015661
            ],
            [
              -98.1655906,
              26.3016296
            ],
            [
              -98.1657533,
              26.3016513
            ],
            [
              -98.1657791,
              26.3014961
            ]
          ]
        ]
      },
      "id": "way/1436752317"
    },
    {
      "type": "Feature",
      "properties": {
        "@id": "way/1436752318",
        "building": "yes",
        "source": "microsoft/BuildingFootprints"
      },
      "geometry": {
        "type": "Polygon",
        "coordinates": [
          [
            [
              -98.1650094,
              26.3009803
            ],
            [
              -98.1649966,
              26.301053
            ],
            [
              -98.1649741,
              26.3010498
            ],
            [
              -98.164953,
              26.3011694
            ],
            [
              -98.1652094,
              26.3012058
            ],
            [
              -98.1652434,
              26.3010135
            ],
            [
              -98.1650094,
              26.3009803
            ]
          ]
        ]
      },
      "id": "way/1436752318"
    },
    {
      "type": "Feature",
      "properties": {
        "@id": "way/1436752319",
        "building": "yes",
        "source": "microsoft/BuildingFootprints"
      },
      "geometry": {
        "type": "Polygon",
        "coordinates": [
          [
            [
              -98.165009,
              26.300813
            ],
            [
              -98.164992,
              26.300919
            ],
            [
              -98.1652416,
              26.3009512
            ],
            [
              -98.1652586,
              26.3008452
            ],
            [
              -98.165009,
              26.300813
            ]
          ]
        ]
      },
      "id": "way/1436752319"
    },
    {
      "type": "Feature",
      "properties": {
        "@id": "way/1436752320",
        "building": "yes",
        "source": "microsoft/BuildingFootprints"
      },
      "geometry": {
        "type": "Polygon",
        "coordinates": [
          [
            [
              -98.1658194,
              26.3003252
            ],
            [
              -98.1657716,
              26.3006009
            ],
            [
              -98.1659288,
              26.3006228
            ],
            [
              -98.1659766,
              26.3003471
            ],
            [
              -98.1658194,
              26.3003252
            ]
          ]
        ]
      },
      "id": "way/1436752320"
    },
    {
      "type": "Feature",
      "properties": {
        "@id": "way/1436752321",
        "building": "yes",
        "source": "microsoft/BuildingFootprints"
      },
      "geometry": {
        "type": "Polygon",
        "coordinates": [
          [
            [
              -98.1648991,
              26.3021539
            ],
            [
              -98.1650389,
              26.3021728
            ],
            [
              -98.1650838,
              26.3019057
            ],
            [
              -98.164944,
              26.3018868
            ],
            [
              -98.1648991,
              26.3021539
            ]
          ]
        ]
      },
      "id": "way/1436752321"
    },
    {
      "type": "Feature",
      "properties": {
        "@id": "way/1436752322",
        "building": "yes",
        "source": "microsoft/BuildingFootprints"
      },
      "geometry": {
        "type": "Polygon",
        "coordinates": [
          [
            [
              -98.1653885,
              26.3019706
            ],
            [
              -98.1652282,
              26.3019418
            ],
            [
              -98.16518,
              26.3021574
            ],
            [
              -98.1652596,
              26.3021717
            ],
            [
              -98.165262,
              26.3021614
            ],
            [
              -98.1653426,
              26.3021759
            ],
            [
              -98.1653885,
              26.3019706
            ]
          ]
        ]
      },
      "id": "way/1436752322"
    },
    {
      "type": "Feature",
      "properties": {
        "@id": "way/1436752323",
        "building": "yes",
        "source": "microsoft/BuildingFootprints"
      },
      "geometry": {
        "type": "Polygon",
        "coordinates": [
          [
            [
              -98.1654547,
              26.3022589
            ],
            [
              -98.1655627,
              26.3022737
            ],
            [
              -98.1655593,
              26.3022939
            ],
            [
              -98.1656446,
              26.3023056
            ],
            [
              -98.1656884,
              26.3020482
            ],
            [
              -98.1655303,
              26.3020266
            ],
            [
              -98.1655269,
              26.3020465
            ],
            [
              -98.1654916,
              26.3020416
            ],
            [
              -98.1654547,
              26.3022589
            ]
          ]
        ]
      },
      "id": "way/1436752323"
    },
    {
      "type": "Feature",
      "properties": {
        "@id": "way/1436752374",
        "building": "yes",
        "source": "microsoft/BuildingFootprints"
      },
      "geometry": {
        "type": "Polygon",
        "coordinates": [
          [
            [
              -98.1782439,
              26.3115093
            ],
            [
              -98.178092,
              26.3114884
            ],
            [
              -98.1780512,
              26.3117256
            ],
            [
              -98.1782032,
              26.3117465
            ],
            [
              -98.1782439,
              26.3115093
            ]
          ]
        ]
      },
      "id": "way/1436752374"
    },
    {
      "type": "Feature",
      "properties": {
        "@id": "way/1436752375",
        "building": "yes",
        "source": "microsoft/BuildingFootprints"
      },
      "geometry": {
        "type": "Polygon",
        "coordinates": [
          [
            [
              -98.1781437,
              26.3112068
            ],
            [
              -98.1781052,
              26.3114447
            ],
            [
              -98.1782549,
              26.3114641
            ],
            [
              -98.1782934,
              26.3112263
            ],
            [
              -98.1781437,
              26.3112068
            ]
          ]
        ]
      },
      "id": "way/1436752375"
    },
    {
      "type": "Feature",
      "properties": {
        "@id": "way/1436752376",
        "building": "yes",
        "source": "microsoft/BuildingFootprints"
      },
      "geometry": {
        "type": "Polygon",
        "coordinates": [
          [
            [
              -98.1787282,
              26.3115906
            ],
            [
              -98.1787495,
              26.311468
            ],
            [
              -98.178355,
              26.3114129
            ],
            [
              -98.1783336,
              26.3115354
            ],
            [
              -98.1787282,
              26.3115906
            ]
          ]
        ]
      },
      "id": "way/1436752376"
    },
    {
      "type": "Feature",
      "properties": {
        "@id": "way/1436752377",
        "building": "yes",
        "source": "microsoft/BuildingFootprints"
      },
      "geometry": {
        "type": "Polygon",
        "coordinates": [
          [
            [
              -98.1786215,
              26.311654
            ],
            [
              -98.1785949,
              26.3118311
            ],
            [
              -98.1787082,
              26.3118448
            ],
            [
              -98.1787348,
              26.3116677
            ],
            [
              -98.1786215,
              26.311654
            ]
          ]
        ]
      },
      "id": "way/1436752377"
    },
    {
      "type": "Feature",
      "properties": {
        "@id": "way/1436752378",
        "building": "yes",
        "source": "microsoft/BuildingFootprints"
      },
      "geometry": {
        "type": "Polygon",
        "coordinates": [
          [
            [
              -98.1786504,
              26.3120637
            ],
            [
              -98.1786771,
              26.3119227
            ],
            [
              -98.1782733,
              26.3118613
            ],
            [
              -98.178248,
              26.3119953
            ],
            [
              -98.1784367,
              26.312024
            ],
            [
              -98.1784354,
              26.312031
            ],
            [
              -98.1786504,
              26.3120637
            ]
          ]
        ]
      },
      "id": "way/1436752378"
    },
    {
      "type": "Feature",
      "properties": {
        "@id": "way/1436752379",
        "building": "yes",
        "source": "microsoft/BuildingFootprints"
      },
      "geometry": {
        "type": "Polygon",
        "coordinates": [
          [
            [
              -98.1780757,
              26.3117707
            ],
            [
              -98.1780398,
              26.3119929
            ],
            [
              -98.178177,
              26.3120107
            ],
            [
              -98.1782031,
              26.3118488
            ],
            [
              -98.178211,
              26.3118498
            ],
            [
              -98.1782207,
              26.3117895
            ],
            [
              -98.1780757,
              26.3117707
            ]
          ]
        ]
      },
      "id": "way/1436752379"
    },
    {
      "type": "Feature",
      "properties": {
        "@id": "way/1436752380",
        "building": "yes",
        "source": "microsoft/BuildingFootprints"
      },
      "geometry": {
        "type": "Polygon",
        "coordinates": [
          [
            [
              -98.1779963,
              26.3120279
            ],
            [
              -98.1779335,
              26.3123937
            ],
            [
              -98.178072,
              26.3124129
            ],
            [
              -98.178081,
              26.3123609
            ],
            [
              -98.1780941,
              26.3123628
            ],
            [
              -98.1781099,
              26.3122707
            ],
            [
              -98.1781162,
              26.3122716
            ],
            [
              -98.1781543,
              26.3120497
            ],
            [
              -98.1779963,
              26.3120279
            ]
          ]
        ]
      },
      "id": "way/1436752380"
    },
    {
      "type": "Feature",
      "properties": {
        "@id": "way/1436752381",
        "building": "yes",
        "source": "microsoft/BuildingFootprints"
      },
      "geometry": {
        "type": "Polygon",
        "coordinates": [
          [
            [
              -98.1785043,
              26.3110727
            ],
            [
              -98.1781412,
              26.3110242
            ],
            [
              -98.1781208,
              26.3111469
            ],
            [
              -98.178305,
              26.3111715
            ],
            [
              -98.1783042,
              26.3111762
            ],
            [
              -98.1784831,
              26.3112001
            ],
            [
              -98.1785043,
              26.3110727
            ]
          ]
        ]
      },
      "id": "way/1436752381"
    },
    {
      "type": "Feature",
      "properties": {
        "@id": "way/1436752382",
        "building": "yes",
        "source": "microsoft/BuildingFootprints"
      },
      "geometry": {
        "type": "Polygon",
        "coordinates": [
          [
            [
              -98.1787962,
              26.3111167
            ],
            [
              -98.1785472,
              26.3110784
            ],
            [
              -98.1785233,
              26.3112033
            ],
            [
              -98.1787134,
              26.3112326
            ],
            [
              -98.1787139,
              26.3112302
            ],
            [
              -98.1787727,
              26.3112393
            ],
            [
              -98.1787962,
              26.3111167
            ]
          ]
        ]
      },
      "id": "way/1436752382"
    },
    {
      "type": "Feature",
      "properties": {
        "@id": "way/1436752384",
        "building": "yes",
        "source": "microsoft/BuildingFootprints"
      },
      "geometry": {
        "type": "Polygon",
        "coordinates": [
          [
            [
              -98.1807502,
              26.3086219
            ],
            [
              -98.181207,
              26.3086875
            ],
            [
              -98.1812318,
              26.3085486
            ],
            [
              -98.180775,
              26.3084831
            ],
            [
              -98.1807502,
              26.3086219
            ]
          ]
        ]
      },
      "id": "way/1436752384"
    },
    {
      "type": "Feature",
      "properties": {
        "@id": "way/1436752385",
        "building": "yes",
        "source": "microsoft/BuildingFootprints"
      },
      "geometry": {
        "type": "Polygon",
        "coordinates": [
          [
            [
              -98.1808378,
              26.3081675
            ],
            [
              -98.1809694,
              26.3081845
            ],
            [
              -98.1809925,
              26.3080405
            ],
            [
              -98.1810637,
              26.3080496
            ],
            [
              -98.1810775,
              26.3079634
            ],
            [
              -98.1810117,
              26.3079549
            ],
            [
              -98.1810616,
              26.3076433
            ],
            [
              -98.1809431,
              26.307628
            ],
            [
              -98.1809134,
              26.3078134
            ],
            [
              -98.180895,
              26.307811
            ],
            [
              -98.1808378,
              26.3081675
            ]
          ]
        ]
      },
      "id": "way/1436752385"
    },
    {
      "type": "Feature",
      "properties": {
        "@id": "way/1436752386",
        "building": "yes",
        "source": "microsoft/BuildingFootprints"
      },
      "geometry": {
        "type": "Polygon",
        "coordinates": [
          [
            [
              -98.1820999,
              26.3096452
            ],
            [
              -98.1817287,
              26.3095993
            ],
            [
              -98.1817069,
              26.3097409
            ],
            [
              -98.1820781,
              26.3097868
            ],
            [
              -98.1820999,
              26.3096452
            ]
          ]
        ]
      },
      "id": "way/1436752386"
    },
    {
      "type": "Feature",
      "properties": {
        "@id": "way/1436752387",
        "building": "yes",
        "source": "microsoft/BuildingFootprints"
      },
      "geometry": {
        "type": "Polygon",
        "coordinates": [
          [
            [
              -98.1820837,
              26.3097973
            ],
            [
              -98.1819597,
              26.3097809
            ],
            [
              -98.181932,
              26.3099487
            ],
            [
              -98.1820812,
              26.3099685
            ],
            [
              -98.1820867,
              26.3099354
            ],
            [
              -98.1820615,
              26.3099321
            ],
            [
              -98.1820837,
              26.3097973
            ]
          ]
        ]
      },
      "id": "way/1436752387"
    }
  ]
}